"Lakshmīpuram","Lakshmipuram","10.0777","77.5212","India","IN","IND","Tamil Nādu","","10000","1356228747"
"Fatehgarh","Fatehgarh","20.3000","85.3300","India","IN","IND","Odisha","","10000","1356401014"
"Isnapuram","Isnapuram","17.5443","78.3486","India","IN","IND","Andhra Pradesh","","10000","1356470546"
"Mevāni","Mevani","11.5000","77.5333","India","IN","IND","Tamil Nādu","","10000","1356158938"
"Kerwāda","Kerwada","21.9000","72.8500","India","IN","IND","Gujarāt","","10000","1356177547"
"Ulipuram","Ulipuram","11.4667","78.4667","India","IN","IND","Tamil Nādu","","10000","1356257972"
"Dijmur","Dijmur","27.6761","94.8108","India","IN","IND","Assam","","10000","1356490792"
"Kochhor","Kochhor","27.6268","75.1376","India","IN","IND","Rājasthān","","10000","1356546964"
"Betnoti","Betnoti","21.7355","86.8499","India","IN","IND","Odisha","","10000","1356376845"
"Bālāgām","Balagam","21.3694","70.0981","India","IN","IND","Gujarāt","","10000","1356790443"
"Mangalam","Mangalam","11.9256","78.8872","India","IN","IND","Tamil Nādu","","10000","1356388563"
"Sotik","Sotik","-0.6796","35.1200","Kenya","KE","KEN","Bomet","","10000","1404807525"
"Kargi","Kargi","2.5068","37.5756","Kenya","KE","KEN","Marsabit","","10000","1404034627"
"Kourani","Kourani","-11.8511","43.4261","Comoros","KM","COM","Grande Comore","","10000","1174935601"
"Srîfa","Srifa","33.2814","35.3964","Lebanon","LB","LBN","Liban-Sud","","10000","1422782357"
"Chartoûn","Chartoun","33.7711","35.6858","Lebanon","LB","LBN","Mont-Liban","","10000","1422935329"
"Qâna","Qana","33.2092","35.2992","Lebanon","LB","LBN","Liban-Sud","","10000","1422539070"
"Amioûn","Amioun","34.3000","35.8000","Lebanon","LB","LBN","Liban-Nord","minor","10000","1422143071"
"Râs el Metn","Ras el Metn","33.8500","35.6667","Lebanon","LB","LBN","Mont-Liban","","10000","1422014908"
"Ed Dâmoûr","Ed Damour","33.7333","35.4500","Lebanon","LB","LBN","Mont-Liban","","10000","1422987773"
"Butha-Buthe","Butha-Buthe","-28.7833","28.2333","Lesotho","LS","LSO","Butha-Buthe","admin","10000","1426574356"
"Ghadāmis","Ghadamis","30.1333","9.5000","Libya","LY","LBY","Nālūt","","10000","1434013321"
"Belavabary","Belavabary","-18.8200","48.0081","Madagascar","MG","MDG","Toamasina","","10000","1450323665"
"Mahabako","Mahabako","-21.7490","47.7141","Madagascar","MG","MDG","Fianarantsoa","","10000","1450602617"
"Boanamary","Boanamary","-15.8325","46.3205","Madagascar","MG","MDG","Mahajanga","","10000","1450000246"
"Morafeno","Morafeno","-21.2033","47.2881","Madagascar","MG","MDG","Fianarantsoa","","10000","1450789290"
"Esira","Esira","-24.3311","46.7066","Madagascar","MG","MDG","Toliara","","10000","1450103451"
"Sandravinany","Sandravinany","-24.0406","47.4416","Madagascar","MG","MDG","Fianarantsoa","","10000","1450455975"
"Bedidy","Bedidy","-17.4701","48.0232","Madagascar","MG","MDG","Mahajanga","","10000","1450144441"
"Vohitrafeno","Vohitrafeno","-21.6667","47.2167","Madagascar","MG","MDG","Fianarantsoa","","10000","1450638566"
"Daraina","Daraina","-13.2048","49.6617","Madagascar","MG","MDG","Antsiranana","","10000","1450505379"
"Masiaboay","Masiaboay","-23.9002","44.4638","Madagascar","MG","MDG","Toliara","","10000","1450226801"
"Ambatomivary","Ambatomivary","-23.8414","45.5703","Madagascar","MG","MDG","Toliara","","10000","1450847805"
"Ambodisikidy","Ambodisikidy","-14.2486","48.4804","Madagascar","MG","MDG","Mahajanga","","10000","1450041005"
"Ambohimiarivo","Ambohimiarivo","-19.8535","47.1574","Madagascar","MG","MDG","Antananarivo","","10000","1450510741"
"Bekodoka","Bekodoka","-16.9695","45.1045","Madagascar","MG","MDG","Mahajanga","","10000","1450176213"
"Maroharatra","Maroharatra","-20.7306","47.7681","Madagascar","MG","MDG","Fianarantsoa","","10000","1450765892"
"Ambararatabe","Ambararatabe","-18.9865","46.1909","Madagascar","MG","MDG","Antananarivo","","10000","1450180554"
"Ambatomifanongoa","Ambatomifanongoa","-20.2612","46.9326","Madagascar","MG","MDG","Fianarantsoa","","10000","1450751314"
"Ambohitrambo","Ambohitrambo","-18.9167","47.1833","Madagascar","MG","MDG","Antananarivo","","10000","1450876774"
"Ebelo","Ebelo","-24.4825","46.0284","Madagascar","MG","MDG","Toliara","","10000","1450395346"
"Tsararano","Tsararano","-17.3443","46.3513","Madagascar","MG","MDG","Mahajanga","","10000","1450417123"
"Analalava","Analalava","-14.6333","47.7500","Madagascar","MG","MDG","Mahajanga","","10000","1450593312"
"Lohafary","Lohafary","-23.2552","47.4276","Madagascar","MG","MDG","Fianarantsoa","","10000","1450370124"
"Vatana","Vatana","-22.2323","47.7464","Madagascar","MG","MDG","Fianarantsoa","","10000","1450089974"
"Antsoantany","Antsoantany","-19.7221","47.1657","Madagascar","MG","MDG","Antananarivo","","10000","1450425748"
"Ambovonomby","Ambovonomby","-14.4132","49.0156","Madagascar","MG","MDG","Mahajanga","","10000","1450681597"
"Isahara","Isahara","-23.7200","47.3554","Madagascar","MG","MDG","Fianarantsoa","","10000","1450953236"
"Ambodivoara","Ambodivoara","-14.3394","49.9794","Madagascar","MG","MDG","Antsiranana","","10000","1450201923"
"Vodiriana","Vodiriana","-19.1832","48.5711","Madagascar","MG","MDG","Toamasina","","10000","1450696407"
"Ambohimahazo","Ambohimahazo","-20.6878","47.0695","Madagascar","MG","MDG","Fianarantsoa","","10000","1450127672"
"Ambodimadiro","Ambodimadiro","-14.5298","48.0013","Madagascar","MG","MDG","Mahajanga","","10000","1450696030"
"Andranambolava","Andranambolava","-20.9082","48.2756","Madagascar","MG","MDG","Fianarantsoa","","10000","1450035681"
"Marosakoa","Marosakoa","-16.1742","46.7525","Madagascar","MG","MDG","Mahajanga","","10000","1450329712"
"Amborompotsy","Amborompotsy","-20.6067","46.2462","Madagascar","MG","MDG","Fianarantsoa","","10000","1450347473"
"Soavimbahoaka","Soavimbahoaka","-18.6796","46.1006","Madagascar","MG","MDG","Antananarivo","","10000","1450132575"
"Erada","Erada","-25.2858","45.9479","Madagascar","MG","MDG","Toliara","","10000","1450445001"
"Mahabe","Mahabe","-17.0844","45.3234","Madagascar","MG","MDG","Mahajanga","","10000","1450085572"
"Mahabo-Mananivo","Mahabo-Mananivo","-23.1852","47.6787","Madagascar","MG","MDG","Fianarantsoa","","10000","1450871023"
"Miary-Taheza","Miary-Taheza","-23.1360","44.6272","Madagascar","MG","MDG","Toliara","","10000","1450731758"
"Ankadindambo","Ankadindambo","-21.3767","47.1247","Madagascar","MG","MDG","Fianarantsoa","","10000","1450657492"
"Antaretra","Antaretra","-21.0792","47.8503","Madagascar","MG","MDG","Fianarantsoa","","10000","1450713889"
"Betrandraka","Betrandraka","-17.0365","47.5524","Madagascar","MG","MDG","Mahajanga","","10000","1450299932"
"Amparihy","Amparihy","-15.6745","47.1245","Madagascar","MG","MDG","Mahajanga","","10000","1450241299"
"Tanamarina","Tanamarina","-21.5717","45.9365","Madagascar","MG","MDG","Fianarantsoa","","10000","1450528963"
"Sahanivotry-Manandona","Sahanivotry-Manandona","-20.1210","47.0778","Madagascar","MG","MDG","Antananarivo","","10000","1450219332"
"Andranomenatsa","Andranomenatsa","-23.2500","44.6167","Madagascar","MG","MDG","Toliara","","10000","1450593069"
"Ambodimandresy","Ambodimandresy","-14.7853","48.0976","Madagascar","MG","MDG","Mahajanga","","10000","1450907900"
"Anontsibe-Sakalava","Anontsibe-Sakalava","-21.3765","44.4679","Madagascar","MG","MDG","Toliara","","10000","1450810340"
"Amparihitsokatra","Amparihitsokatra","-17.5286","48.5728","Madagascar","MG","MDG","Toamasina","","10000","1450080667"
"Ambatolava","Ambatolava","-23.5667","47.3000","Madagascar","MG","MDG","Fianarantsoa","","10000","1450777650"
"Ankerana","Ankerana","-21.0310","47.1276","Madagascar","MG","MDG","Fianarantsoa","","10000","1450047742"
"Sihanamaro","Sihanamaro","-25.1789","45.7733","Madagascar","MG","MDG","Toliara","","10000","1450305004"
"Vinanitelo","Vinanitelo","-21.7167","47.2667","Madagascar","MG","MDG","Fianarantsoa","","10000","1450114171"
"Vinanitelo","Vinanitelo","-22.0142","47.7390","Madagascar","MG","MDG","Fianarantsoa","","10000","1450156601"
"Ifarantsa","Ifarantsa","-24.9329","46.8630","Madagascar","MG","MDG","Toliara","","10000","1450270852"
"Miarinarivo","Miarinarivo","-22.0877","47.0576","Madagascar","MG","MDG","Fianarantsoa","","10000","1450277014"
"Ampasimazava","Ampasimazava","-17.6806","49.1375","Madagascar","MG","MDG","Toamasina","","10000","1450568333"
"Vohitany","Vohitany","-24.1441","44.7602","Madagascar","MG","MDG","Toliara","","10000","1450985540"
"Vohitsaoka","Vohitsaoka","-22.0357","46.7262","Madagascar","MG","MDG","Fianarantsoa","","10000","1450660197"
"Andranopasy","Andranopasy","-21.2799","43.7354","Madagascar","MG","MDG","Toliara","","10000","1450818607"
"Beheloka","Beheloka","-23.9122","43.6689","Madagascar","MG","MDG","Toliara","","10000","1450950058"
"Ankirondro","Ankirondro","-19.6453","44.5930","Madagascar","MG","MDG","Toliara","","10000","1450343397"
"Tamponala","Tamponala","-19.3042","46.4078","Madagascar","MG","MDG","Antananarivo","","10000","1450730146"
"Ambatolahy","Ambatolahy","-22.5268","46.0083","Madagascar","MG","MDG","Fianarantsoa","","10000","1450502699"
"Katsepy","Katsepy","-15.7617","46.2442","Madagascar","MG","MDG","Mahajanga","","10000","1450252014"
"Vondrozo","Vondrozo","-22.8208","47.3198","Madagascar","MG","MDG","Fianarantsoa","","10000","1450832366"
"Tanambao-Daoud","Tanambao-Daoud","-13.9862","50.1129","Madagascar","MG","MDG","Antsiranana","","10000","1450000216"
"Sahatona-Tamboharivo","Sahatona-Tamboharivo","-20.9623","47.0988","Madagascar","MG","MDG","Fianarantsoa","","10000","1450124769"
"Beanana","Beanana","-17.3730","48.4315","Madagascar","MG","MDG","Toamasina","","10000","1450709349"
"Soatanana","Soatanana","-21.3833","46.9167","Madagascar","MG","MDG","Fianarantsoa","","10000","1450865191"
"Ampitahana","Ampitahana","-21.0452","47.1844","Madagascar","MG","MDG","Fianarantsoa","","10000","1450688601"
"Anosimparihy","Anosimparihy","-21.5061","47.9925","Madagascar","MG","MDG","Fianarantsoa","","10000","1450447380"
"Ambalanjanakomby","Ambalanjanakomby","-16.6981","47.0700","Madagascar","MG","MDG","Mahajanga","","10000","1450821290"
"Zoma-Bealoka","Zoma-Bealoka","-18.8523","47.0575","Madagascar","MG","MDG","Antananarivo","","10000","1450875060"
"Jangany","Jangany","-22.8611","45.7922","Madagascar","MG","MDG","Toliara","","10000","1450631726"
"Ianapera","Ianapera","-23.6208","45.1427","Madagascar","MG","MDG","Toliara","","10000","1450881994"
"Ambahatrazo","Ambahatrazo","-21.8586","47.9047","Madagascar","MG","MDG","Fianarantsoa","","10000","1450118510"
"Fanjakana","Fanjakana","-21.1814","46.8898","Madagascar","MG","MDG","Fianarantsoa","","10000","1450594461"
"Mora","Mora","14.3283","-4.6045","Mali","ML","MLI","Mopti","","10000","1466150735"
"Putao","Putao","27.3258","97.4225","Burma","MM","MMR","Kachin State","","10000","1104007518"
"China","China","25.7033","-99.2365","Mexico","MX","MEX","Nuevo León","minor","10000","1484761202"
"Padang Besar","Padang Besar","6.6623","100.3142","Malaysia","MY","MYS","Perlis","","10000","1458304939"
"Závora","Zavora","-24.5150","35.1997","Mozambique","MZ","MOZ","Inhambane","","10000","1508814998"
"Al Mazyūnah","Al Mazyunah","17.8486","52.6200","Oman","OM","OMN","Z̧ufār","minor","10000","1512004977"
"Surmon Chogga Grong","Surmon Chogga Grong","35.1518","76.4454","Pakistan","PK","PAK","Gilgit-Baltistan","","10000","1586445471"
"Basla","Basla","33.3833","73.3167","Pakistan","PK","PAK","Punjab","","10000","1586287583"
"Bunji","Bunji","35.6422","74.6336","Pakistan","PK","PAK","Gilgit-Baltistan","","10000","1586909748"
"Ghota Fatehgarh","Ghota Fatehgarh","32.0900","74.7800","Pakistan","PK","PAK","Punjab","","10000","1586256175"
"Setúbal","Setubal","38.5243","-8.8926","Portugal","PT","PRT","Setúbal","admin","10000","1620174557"
"Diabougou","Diabougou","14.5431","-12.2186","Senegal","SN","SEN","Tambacounda","","10000","1686174513"
"Koumpentoum","Koumpentoum","13.9833","-14.5667","Senegal","SN","SEN","Tambacounda","","10000","1686285510"
"Gadoon","Gadoon","5.6920","46.6764","Somalia","SO","SOM","Galguduud","","10000","1706085622"
"Corinto","Corinto","13.8167","-87.9667","El Salvador","SV","SLV","Morazán","","10000","1222976576"
"Murgap","Murgap","37.4964","61.9739","Turkmenistan","TM","TKM","Mary","","10000","1795747825"
"Kadama","Kadama","1.0167","33.8803","Uganda","UG","UGA","Kibuku","","10000","1800484552"
"Bukomansimbi","Bukomansimbi","-0.1667","31.6186","Uganda","UG","UGA","Bukomansimbi","admin","10000","1800146127"
"Xishrov","Xishrov","39.6383","66.8897","Uzbekistan","UZ","UZB","Samarqand","","10000","1860278182"
"Oyim","Oyim","40.8242","72.7414","Uzbekistan","UZ","UZB","Andijon","","10000","1860819147"
"Rāmamangalam","Ramamangalam","9.9333","76.5000","India","IN","IND","Kerala","","9999","1356235062"
"Bishunpur","Bishunpur","25.8029","85.9886","India","IN","IND","Bihār","","9999","1356015457"
"Kolno","Kolno","53.4106","21.9339","Poland","PL","POL","Podlaskie","minor","9999","1616110330"
"Bomareddipalli","Bomareddipalli","18.7044","79.1568","India","IN","IND","Andhra Pradesh","","9998","1356564798"
"Fairmount","Fairmount","43.0414","-76.2485","United States","US","USA","New York","","9998","1840000377"
"Czersk Pomorski","Czersk Pomorski","53.7928","17.9739","Poland","PL","POL","Pomorskie","","9997","1616943877"
"Saint-Pierre-du-Mont","Saint-Pierre-du-Mont","43.8833","-0.5183","France","FR","FRA","Nouvelle-Aquitaine","","9996","1250835528"
"Rakhwāri","Rakhwari","26.3603","86.2882","India","IN","IND","Bihār","","9996","1356451936"
"Atri","Atri","42.5833","13.9833","Italy","IT","ITA","Abruzzo","","9996","1380722588"
"Melendugno","Melendugno","40.2667","18.3333","Italy","IT","ITA","Puglia","","9996","1380529808"
"Malaya Vishera","Malaya Vishera","58.8500","32.2333","Russia","RU","RUS","Novgorodskaya Oblast’","minor","9996","1643002504"
"Struthers","Struthers","41.0510","-80.5920","United States","US","USA","Ohio","","9995","1840003562"
"Kösching","Kosching","48.8167","11.5000","Germany","DE","DEU","Bavaria","","9994","1276577514"
"Kippax","Kippax","53.7669","-1.3705","United Kingdom","GB","GBR","Leeds","","9994","1826981453"
"Vilpatti","Vilpatti","10.2672","77.5014","India","IN","IND","Tamil Nādu","","9994","1356206036"
"Digora","Digora","43.1581","44.1569","Russia","RU","RUS","North Ossetia","minor","9994","1643075544"
"San Marcos","San Marcos","9.6703","-84.0092","Costa Rica","CR","CRI","San José","","9993","1188432245"
"Euxton","Euxton","53.6620","-2.6740","United Kingdom","GB","GBR","Lancashire","","9993","1826461548"
"Erraballa","Erraballa","14.3971","78.1744","India","IN","IND","Andhra Pradesh","","9993","1356007553"
"Pāikpāra","Paikpara","24.3149","87.8503","India","IN","IND","West Bengal","","9993","1356378672"
"Takad Sahel","Takad Sahel","30.2500","-9.5500","Morocco","MA","MAR","Souss-Massa","","9993","1504426241"
"Birkenau","Birkenau","49.5625","8.7069","Germany","DE","DEU","Hesse","","9992","1276778911"
"Saint-Grégoire","Saint-Gregoire","48.1517","-1.6850","France","FR","FRA","Bretagne","","9992","1250834963"
"Fatehābād","Fatehabad","31.3811","75.0996","India","IN","IND","Punjab","","9992","1356555001"
"Woodbury","Woodbury","39.8379","-75.1524","United States","US","USA","New Jersey","","9992","1840001527"
"Cambridge","Cambridge","45.5612","-93.2283","United States","US","USA","Minnesota","","9992","1840006692"
"Yādwād","Yadwad","16.2400","75.1800","India","IN","IND","Karnātaka","","9991","1356708135"
"Monteriggioni","Monteriggioni","43.3670","11.2180","Italy","IT","ITA","Tuscany","","9991","1380529718"
"Marton","Marton","54.5372","-1.2047","United Kingdom","GB","GBR","Middlesbrough","","9990","1826705697"
"Ketugrām","Ketugram","23.7017","88.0439","India","IN","IND","West Bengal","","9990","1356142528"
"Älta","Alta","59.2667","18.1833","Sweden","SE","SWE","Stockholm","","9989","1752413057"
"Serris","Serris","48.8456","2.7878","France","FR","FRA","Île-de-France","","9988","1250685279"
"Schlitz","Schlitz","50.6667","9.5667","Germany","DE","DEU","Hesse","","9987","1276405370"
"Rangamāti","Rangamati","26.8076","89.4572","India","IN","IND","West Bengal","","9987","1356348693"
"Outat Oulad Al Haj","Outat Oulad Al Haj","33.3333","-3.6833","Morocco","MA","MAR","Fès-Meknès","","9987","1504806480"
"Praia do Carvoeiro","Praia do Carvoeiro","37.1000","-8.4667","Portugal","PT","PRT","Faro","","9987","1620666686"
"Stenungsund","Stenungsund","58.0833","11.8167","Sweden","SE","SWE","Västra Götaland","minor","9987","1752961653"
"Salemi","Salemi","37.8167","12.8000","Italy","IT","ITA","Sicilia","","9986","1380693933"
"Barkly East","Barkly East","-30.9681","27.5933","South Africa","ZA","ZAF","Eastern Cape","","9986","1710127191"
"Kapyl","Kapyl","53.1500","27.0917","Belarus","BY","BLR","Minskaya Voblasts’","minor","9985","1112976876"
"Ben N’Choud","Ben N'Choud","36.8622","3.8806","Algeria","DZ","DZA","Boumerdes","","9985","1012044380"
"Fateha","Fateha","25.6073","85.8669","India","IN","IND","Bihār","","9985","1356664955"
"Kengarai","Kengarai","11.4144","76.9277","India","IN","IND","Tamil Nādu","","9985","1356649330"
"Pullambādi","Pullambadi","10.9667","78.9167","India","IN","IND","Tamil Nādu","","9985","1356106831"
"Chada","Chada","17.4992","79.0756","India","IN","IND","Andhra Pradesh","","9984","1356051593"
"Dilra","Dilra","29.0430","78.7500","India","IN","IND","Uttar Pradesh","","9984","1356273624"
"Jefferson","Jefferson","29.9609","-90.1554","United States","US","USA","Louisiana","","9984","1840013986"
"Aşağı Ayıblı","Asagi Ayibli","40.9347","45.8261","Azerbaijan","AZ","AZE","Tovuz","","9983","1031116600"
"Bad Bevensen","Bad Bevensen","53.0792","10.5833","Germany","DE","DEU","Lower Saxony","","9983","1276837566"
"Oldenburg in Holstein","Oldenburg in Holstein","54.3000","10.8833","Germany","DE","DEU","Schleswig-Holstein","","9983","1276671809"
"Inungūr","Inungur","10.8507","78.4889","India","IN","IND","Tamil Nādu","","9983","1356226645"
"Simri","Simri","26.3825","86.1705","India","IN","IND","Bihār","","9983","1356089842"
"Nohfelden","Nohfelden","49.5667","7.1500","Germany","DE","DEU","Saarland","","9982","1276779252"
"Galleh Dār","Galleh Dar","27.6578","52.6594","Iran","IR","IRN","Fārs","","9982","1364264493"
"Lenīnskīy","Leninskiy","52.2528","76.7789","Kazakhstan","KZ","KAZ","Pavlodar","","9982","1398857054"
"Maḩajjah","Mahajjah","32.9563","36.2206","Syria","SY","SYR","Dar‘ā","","9982","1760190111"
"Winfield","Winfield","41.8787","-88.1507","United States","US","USA","Illinois","","9982","1840011410"
"Gūlyam","Gulyam","15.3598","77.0670","India","IN","IND","Andhra Pradesh","","9981","1356714085"
"Hosur","Hosur","15.8201","74.9301","India","IN","IND","Karnātaka","","9981","1356802606"
"Crikvenica","Crikvenica","45.1737","14.6924","Croatia","HR","HRV","Primorsko-Goranska Županija","minor","9980","1191344167"
"Itikalapalle","Itikalapalle","14.6013","77.6582","India","IN","IND","Andhra Pradesh","","9980","1356091263"
"Paināl","Painal","25.5900","84.9304","India","IN","IND","Bihār","","9979","1356753434"
"Madhuban","Madhuban","25.8948","87.1093","India","IN","IND","Bihār","","9979","1356178356"
"Willoughby Hills","Willoughby Hills","41.5873","-81.4333","United States","US","USA","Ohio","","9979","1840000548"
"Ribadeo","Ribadeo","43.5336","-7.0403","Spain","ES","ESP","Galicia","","9978","1724577881"
"Sulęcin","Sulecin","52.4500","15.1167","Poland","PL","POL","Lubuskie","minor","9978","1616859082"
"Yueyaquan","Yueyaquan","40.1256","94.6632","China","CN","CHN","Gansu","","9977","1156428033"
"Sweet Home","Sweet Home","44.4023","-122.7028","United States","US","USA","Oregon","","9977","1840021253"
"El Cairo","El Cairo","4.7500","-76.2500","Colombia","CO","COL","Valle del Cauca","minor","9976","1170273914"
"Kanyāna","Kanyana","12.9000","75.0300","India","IN","IND","Karnātaka","","9976","1356183073"
"Maḩalleh-ye Shīrīnū","Mahalleh-ye Shirinu","27.6256","52.4750","Iran","IR","IRN","Būshehr","","9976","1364055893"
"Fort Stewart","Fort Stewart","31.8811","-81.6131","United States","US","USA","Georgia","","9976","1840073839"
"Cape Canaveral","Cape Canaveral","28.3933","-80.6049","United States","US","USA","Florida","","9976","1840015091"
"Waltenhofen","Waltenhofen","47.6667","10.3000","Germany","DE","DEU","Bavaria","","9975","1276889694"
"Ringkøbing","Ringkobing","56.0864","8.2487","Denmark","DK","DNK","Midtjylland","minor","9975","1208388471"
"Tansandra","Tansandra","13.0554","77.6342","India","IN","IND","Karnātaka","","9975","1356605610"
"Columbia City","Columbia City","41.1612","-85.4855","United States","US","USA","Indiana","","9975","1840007140"
"Hamilton","Hamilton","-37.7333","142.0167","Australia","AU","AUS","Victoria","","9974","1036699883"
"Bolsward","Bolsward","53.0667","5.5333","Netherlands","NL","NLD","Fryslân","","9974","1528220988"
"Valdobbiadene","Valdobbiadene","45.9163","12.0142","Italy","IT","ITA","Veneto","","9973","1380856258"
"Quinto di Treviso","Quinto di Treviso","45.6500","12.1667","Italy","IT","ITA","Veneto","","9973","1380847513"
"Erenler","Erenler","38.8197","30.5406","Turkey","TR","TUR","Afyonkarahisar","","9973","1792934022"
"São Tomé","Sao Tome","-5.9728","-36.0750","Brazil","BR","BRA","Rio Grande do Norte","minor","9972","1076775707"
"Inami","Inami","36.5602","136.9710","Japan","JP","JPN","Toyama","","9972","1392140229"
"Tsunō","Tsuno","32.2564","131.5597","Japan","JP","JPN","Miyazaki","","9972","1392643881"
"San Nicolas Buenos Aires","San Nicolas Buenos Aires","19.1667","-97.5500","Mexico","MX","MEX","Puebla","","9972","1484819352"
"Barda","Barda","56.9167","55.5833","Russia","RU","RUS","Permskiy Kray","minor","9972","1643300436"
"Ivančice","Ivancice","49.1014","16.3775","Czechia","CZ","CZE","Jihomoravský Kraj","","9971","1203249406"
"Bhawānīpur","Bhawanipur","26.2385","86.0995","India","IN","IND","Bihār","","9971","1356953689"
"Barano d’Ischia","Barano d'Ischia","40.7167","13.9167","Italy","IT","ITA","Campania","","9971","1380481625"
"Bay St. Louis","Bay St. Louis","30.3281","-89.3774","United States","US","USA","Mississippi","","9971","1840013951"
"Kinnelon","Kinnelon","40.9847","-74.3862","United States","US","USA","New Jersey","","9971","1840000952"
"Boundji","Boundji","-1.0264","15.3478","Congo (Brazzaville)","CG","COG","Cuvette","","9970","1178804816"
"Bananal","Bananal","-22.6839","-44.3228","Brazil","BR","BRA","São Paulo","minor","9969","1076455705"
"Dumri","Dumri","25.4750","85.0913","India","IN","IND","Bihār","","9969","1356005039"
"Māmobihāt","Mamobihat","26.1466","86.1747","India","IN","IND","Bihār","","9969","1356743964"
"Casino","Casino","-28.8667","153.0500","Australia","AU","AUS","New South Wales","","9968","1036855900"
"Kottaipatti","Kottaipatti","10.1533","77.7315","India","IN","IND","Tamil Nādu","","9968","1356227800"
"Gaolingcun","Gaolingcun","40.6003","117.1072","China","CN","CHN","Beijing","","9967","1156279592"
"Tzucacab","Tzucacab","20.0708","-89.0506","Mexico","MX","MEX","Yucatán","","9967","1484877569"
"West Point","West Point","33.6064","-88.6572","United States","US","USA","Mississippi","","9967","1840015681"
"West Glens Falls","West Glens Falls","43.3057","-73.6964","United States","US","USA","New York","","9967","1840004184"
"Dujiashigou","Dujiashigou","37.7667","110.0667","China","CN","CHN","Shaanxi","","9966","1156189243"
"Vegachí","Vegachi","6.7731","-74.7994","Colombia","CO","COL","Antioquia","minor","9966","1170785667"
"Great Missenden","Great Missenden","51.7042","-0.7078","United Kingdom","GB","GBR","Buckinghamshire","","9966","1826171263"
"Erraguntlakota","Erraguntlakota","13.9622","79.2768","India","IN","IND","Andhra Pradesh","","9966","1356051675"
"Sîngera","Singera","46.9131","28.9775","Moldova","MD","MDA","Chişinău","","9966","1498679513"
"Alpu","Alpu","39.7667","30.9500","Turkey","TR","TUR","Eskişehir","minor","9966","1792508454"
"Tân Sơn","Tan Son","21.2600","106.2681","Vietnam","VN","VNM","Bắc Giang","","9966","1704224355"
"Cuesmes","Cuesmes","50.4362","3.9207","Belgium","BE","BEL","Wallonia","","9964","1056795347"
"Trebbin","Trebbin","52.2167","13.2000","Germany","DE","DEU","Brandenburg","","9964","1276041588"
"Aberaman","Aberaman","51.7008","-3.4267","United Kingdom","GB","GBR","Rhondda Cynon Taff","","9964","1826702294"
"Tokkavādi","Tokkavadi","11.3702","77.8412","India","IN","IND","Tamil Nādu","","9964","1356166662"
"Hiranai","Hiranai","40.9259","140.9559","Japan","JP","JPN","Aomori","","9964","1392363448"
"Arapgir","Arapgir","39.0333","38.4833","Turkey","TR","TUR","Malatya","minor","9964","1792675221"
"Roßtal","Rosstal","49.4000","10.8833","Germany","DE","DEU","Bavaria","","9963","1276297806"
"Kishunpur","Kishunpur","25.7947","86.8237","India","IN","IND","Bihār","","9963","1356145353"
"Kambaliyampatti","Kambaliyampatti","10.3671","78.1233","India","IN","IND","Tamil Nādu","","9963","1356216667"
"Şūfīān","Sufian","38.2775","45.9808","Iran","IR","IRN","Āz̄arbāyjān-e Sharqī","","9963","1364080315"
"Iwashita","Iwashita","32.6503","130.8114","Japan","JP","JPN","Kumamoto","","9963","1392528224"
"Anamã","Anama","-3.5800","-61.4039","Brazil","BR","BRA","Amazonas","minor","9962","1076345871"
"Fenoughil","Fenoughil","27.6028","-0.3056","Algeria","DZ","DZA","Adrar","","9962","1012179150"
"Chākicherla","Chakicherla","15.1127","80.0366","India","IN","IND","Andhra Pradesh","","9962","1356549672"
"San Calixto","San Calixto","8.4000","-73.2167","Colombia","CO","COL","Norte de Santander","minor","9961","1170279369"
"Birchington","Birchington","51.3770","1.3050","United Kingdom","GB","GBR","Kent","","9961","1826115786"
"Tutzing","Tutzing","47.9089","11.2814","Germany","DE","DEU","Bavaria","","9960","1276343820"
"Sagurē","Sagure","7.7500","39.1500","Ethiopia","ET","ETH","Oromīya","","9960","1231246746"
"Nairn","Nairn","57.5860","-3.8690","United Kingdom","GB","GBR","Highland","","9960","1826470405"
"Makale","Makale","-3.1000","119.8500","Indonesia","ID","IDN","Sulawesi Selatan","minor","9960","1360576738"
"Sūndekuppam","Sundekuppam","12.4567","78.2125","India","IN","IND","Tamil Nādu","","9960","1356245943"
"Kapasiāwān","Kapasiawan","25.2783","85.2869","India","IN","IND","Bihār","","9960","1356794248"
"Padinjārebāgam","Padinjarebagam","10.3222","76.1792","India","IN","IND","Kerala","","9959","1356145187"
"Khāndsa","Khandsa","28.4220","76.9900","India","IN","IND","Haryāna","","9959","1356116323"
"Bastak","Bastak","27.1953","54.3678","Iran","IR","IRN","Hormozgān","minor","9959","1364136861"
"Bertem","Bertem","50.8671","4.6361","Belgium","BE","BEL","Flanders","","9958","1056292340"
"Mahem","Mahem","15.5796","73.9260","India","IN","IND","Goa","","9958","1356236614"
"Teplodar","Teplodar","46.5036","30.3244","Ukraine","UA","UKR","Odeska Oblast","","9958","1804955869"
"Sankt Andrä","Sankt Andra","46.7667","14.8167","Austria","AT","AUT","Kärnten","","9957","1040740376"
"Handsworth","Handsworth","53.3700","-1.4000","United Kingdom","GB","GBR","Sheffield","","9957","1826233814"
"Tympáki","Tympaki","35.0667","24.7667","Greece","GR","GRC","Kríti","","9957","1300790482"
"Conselve","Conselve","45.2333","11.8667","Italy","IT","ITA","Veneto","","9957","1380837833"
"Siechnice","Siechnice","51.0367","17.1525","Poland","PL","POL","Dolnośląskie","","9957","1616477794"
"Grosse Pointe Farms","Grosse Pointe Farms","42.4068","-82.8993","United States","US","USA","Michigan","","9957","1840003977"
"Ettimadai","Ettimadai","10.8911","76.9087","India","IN","IND","Tamil Nādu","","9956","1356159411"
"Khurān Milik","Khuran Milik","25.6000","86.8679","India","IN","IND","Bihār","","9956","1356693412"
"Kawara","Kawara","33.6681","130.8472","Japan","JP","JPN","Fukuoka","","9955","1392191099"
"Souama","Souama","36.6417","4.3417","Algeria","DZ","DZA","Tizi Ouzou","","9954","1012240654"
"Saharbani","Saharbani","25.7201","86.4100","India","IN","IND","Bihār","","9954","1356460046"
"Zaozërnyy","Zaozernyy","55.9667","94.7000","Russia","RU","RUS","Krasnoyarskiy Kray","minor","9954","1643658238"
"George Mason","George Mason","38.8356","-77.3186","United States","US","USA","Virginia","","9954","1840041768"
"Fallston","Fallston","39.5332","-76.4452","United States","US","USA","Maryland","","9954","1840005662"
"Vernouillet","Vernouillet","48.9728","1.9842","France","FR","FRA","Île-de-France","","9953","1250772966"
"Koloti","Koloti","-23.7460","29.3070","South Africa","ZA","ZAF","Limpopo","","9953","1710600831"
"Vettweiß","Vettweiss","50.7389","6.5972","Germany","DE","DEU","North Rhine-Westphalia","","9952","1276176554"
"Anáhuac","Anahuac","28.4800","-106.7442","Mexico","MX","MEX","Chihuahua","","9952","1484106283"
"DuPont","DuPont","47.1079","-122.6495","United States","US","USA","Washington","","9952","1840018457"
"Aich","Aich","48.6228","9.2372","Germany","DE","DEU","Baden-Württemberg","","9951","1276245097"
"Lambesc","Lambesc","43.6547","5.2625","France","FR","FRA","Provence-Alpes-Côte d’Azur","","9951","1250689010"
"Sorkheh","Sorkheh","35.4644","53.2086","Iran","IR","IRN","Semnān","minor","9951","1364888685"
"Hooglede","Hooglede","50.9833","3.0833","Belgium","BE","BEL","Flanders","","9950","1056206386"
"Great Cornard","Great Cornard","52.0245","0.7497","United Kingdom","GB","GBR","Suffolk","","9950","1826607712"
"Fiľakovo","Fil'akovo","48.2719","19.8286","Slovakia","SK","SVK","Banská Bystrica","","9949","1703493042"
"Qufādah","Qufadah","28.5812","30.7554","Egypt","EG","EGY","Al Minyā","","9948","1818001516"
"Arauá","Araua","-11.2622","-37.6197","Brazil","BR","BRA","Sergipe","minor","9947","1076564107"
"Torrejón de la Calzada","Torrejon de la Calzada","40.2000","-3.8000","Spain","ES","ESP","Madrid","","9947","1724980898"
"Oulad Slim","Oulad Slim","32.7775","-7.7725","Morocco","MA","MAR","Casablanca-Settat","","9947","1504468299"
"Boca del Rio","Boca del Rio","19.1056","-96.1078","Mexico","MX","MEX","Veracruz","minor","9947","1484658980"
"Roanoke","Roanoke","33.0144","-97.2276","United States","US","USA","Texas","","9947","1840020641"
"Vernon","Vernon","34.1479","-99.3000","United States","US","USA","Texas","","9947","1840021912"
"Birni Lafia","Birni Lafia","11.9783","3.2225","Benin","BJ","BEN","Alibori","","9946","1204630471"
"Irákleia","Irakleia","41.1833","23.2833","Greece","GR","GRC","Kentrikí Makedonía","minor","9946","1300994104"
"Puttige","Puttige","13.0751","74.9597","India","IN","IND","Karnātaka","","9946","1356940923"
"Ennamangalam","Ennamangalam","11.6449","77.5930","India","IN","IND","Tamil Nādu","","9946","1356163377"
"Aboso","Aboso","5.3607","-1.9486","Ghana","GH","GHA","Western","","9945","1288901641"
"Cuicatlan","Cuicatlan","17.8000","-96.9500","Mexico","MX","MEX","Oaxaca","","9945","1484474019"
"Heeze","Heeze","51.3828","5.5715","Netherlands","NL","NLD","Noord-Brabant","minor","9945","1528009442"
"Cedar Hills","Cedar Hills","40.4135","-111.7531","United States","US","USA","Utah","","9945","1840018754"
"Tamzoura","Tamzoura","35.4167","-0.6500","Algeria","DZ","DZA","Aïn Temouchent","","9944","1012188576"
"Bhado Khara","Bhado Khara","24.9567","85.5130","India","IN","IND","Bihār","","9944","1356013403"
"West Perrine","West Perrine","25.6061","-80.3639","United States","US","USA","Florida","","9944","1840029018"
"Payerne","Payerne","46.8167","6.9333","Switzerland","CH","CHE","Vaud","","9943","1756860201"
"Ban Ngao","Ban Ngao","19.6736","100.2583","Thailand","TH","THA","Chiang Rai","","9943","1764076569"
"San Antonio","San Antonio","9.9781","-84.1879","Costa Rica","CR","CRI","Alajuela","","9942","1188109339"
"Consuegra","Consuegra","39.4619","-3.6064","Spain","ES","ESP","Castille-La Mancha","","9942","1724179582"
"Kamalasai","Kamalasai","16.3384","103.5756","Thailand","TH","THA","Kalasin","minor","9942","1764734520"
"Thị Trấn Mậu A","Thi Tran Mau A","21.8781","104.6956","Vietnam","VN","VNM","Yên Bái","","9942","1704902932"
"Marysville","Marysville","42.9084","-82.4806","United States","US","USA","Michigan","","9942","1840003957"
"Colts Neck","Colts Neck","40.2928","-74.1680","United States","US","USA","New Jersey","","9942","1840081833"
"Bellavista","Bellavista","6.5236","-76.9744","Colombia","CO","COL","Chocó","minor","9941","1170717666"
"Saint-Laurent-de-la-Salanque","Saint-Laurent-de-la-Salanque","42.7744","2.9914","France","FR","FRA","Occitanie","","9941","1250558696"
"Erquelinnes","Erquelinnes","50.3099","4.1214","Belgium","BE","BEL","Wallonia","","9940","1056578378"
"Caraíbas","Caraibas","-14.6000","-41.3350","Brazil","BR","BRA","Bahia","minor","9940","1076820900"
"Nariār","Nariar","25.8875","86.5632","India","IN","IND","Bihār","","9940","1356524403"
"Fino Mornasco","Fino Mornasco","45.7421","9.0555","Italy","IT","ITA","Lombardy","","9940","1380369319"
"P’yŏngch’ang","P'yongch'ang","37.3675","128.3958","Korea, South","KR","KOR","Gangwon","","9940","1410797147"
"Kuldīga","Kuldiga","56.9667","21.9667","Latvia","LV","LVA","Kuldīga","admin","9940","1428739306"
"Pachchāmpālaiyam","Pachchampalaiyam","11.5723","77.6096","India","IN","IND","Tamil Nādu","","9939","1356163575"
"Pôrto Xavier","Porto Xavier","-27.9058","-55.1378","Brazil","BR","BRA","Rio Grande do Sul","minor","9938","1076184163"
"Binfield","Binfield","51.4320","-0.7920","United Kingdom","GB","GBR","Bracknell Forest","","9938","1826891094"
"Ócsa","Ocsa","47.2933","19.2258","Hungary","HU","HUN","Pest","","9938","1348733489"
"Ammanabrolu","Ammanabrolu","15.5802","80.1488","India","IN","IND","Andhra Pradesh","","9938","1356545605"
"Gossau","Gossau","47.3081","8.7567","Switzerland","CH","CHE","Zürich","","9937","1756178316"
"Padilla","Padilla","3.2333","-76.3167","Colombia","CO","COL","Cauca","minor","9937","1170965732"
"Marly","Marly","49.0599","6.1540","France","FR","FRA","Grand Est","","9937","1250026815"
"Green Cove Springs","Green Cove Springs","29.9904","-81.6807","United States","US","USA","Florida","","9937","1840013999"
"Balal","Balal","12.3857","75.2820","India","IN","IND","Kerala","","9936","1356089519"
"Coycoyan de las Flores","Coycoyan de las Flores","17.2667","-98.2667","Mexico","MX","MEX","Guerrero","","9936","1484976767"
"Çilimli","Cilimli","40.9000","31.0500","Turkey","TR","TUR","Düzce","minor","9936","1792945570"
"Kensington","Kensington","41.6284","-72.7686","United States","US","USA","Connecticut","","9936","1840000505"
"Ipupiara","Ipupiara","-11.8200","-42.6139","Brazil","BR","BRA","Bahia","minor","9935","1076106474"
"Dongou","Dongou","2.0447","18.0525","Congo (Brazzaville)","CG","COG","Likouala","","9935","1178954827"
"La Sierra","La Sierra","2.2500","-76.8333","Colombia","CO","COL","Cauca","minor","9935","1170193592"
"Burscough","Burscough","53.5960","-2.8430","United Kingdom","GB","GBR","Lancashire","","9935","1826272901"
"Kamdoli","Kamdoli","15.2048","75.2549","India","IN","IND","Karnātaka","","9935","1356432660"
"Bacliff","Bacliff","29.5085","-94.9888","United States","US","USA","Texas","","9935","1840018273"
"East Brandywine","East Brandywine","40.0364","-75.7505","United States","US","USA","Pennsylvania","","9935","1840149883"
"Santa Maria","Santa Maria","-24.9333","-51.8500","Brazil","BR","BRA","Paraná","minor","9934","1076001115"
"Bagodar","Bagodar","24.0803","85.8306","India","IN","IND","Jhārkhand","","9934","1356982934"
"Mīāndasht","Miandasht","33.0758","50.1631","Iran","IR","IRN","Eşfahān","minor","9933","1364540083"
"Kraaipan","Kraaipan","-26.2940","25.2970","South Africa","ZA","ZAF","North West","","9933","1710969974"
"River Vale","River Vale","41.0138","-74.0080","United States","US","USA","New Jersey","","9933","1840081804"
"Mulungu","Mulungu","-7.0244","-35.4619","Brazil","BR","BRA","Paraíba","minor","9932","1076888806"
"Beaumont-sur-Oise","Beaumont-sur-Oise","49.1431","2.2872","France","FR","FRA","Île-de-France","","9931","1250864687"
"Telwa","Telwa","26.0877","86.5170","India","IN","IND","Bihār","","9931","1356257721"
"Locust Grove","Locust Grove","33.3446","-84.1071","United States","US","USA","Georgia","","9931","1840015705"
"Mora","Mora","39.6840","-3.7770","Spain","ES","ESP","Castille-La Mancha","","9930","1724961041"
"La Pointe","La Pointe","19.9500","-72.7833","Haiti","HT","HTI","Nord-Ouest","","9930","1332411349"
"Akalāpura","Akalapura","13.4852","77.4621","India","IN","IND","Karnātaka","","9930","1356618301"
"Telpur","Telpur","27.0548","84.3336","India","IN","IND","Bihār","","9930","1356766588"
"Kinālūr","Kinalur","11.4667","75.8333","India","IN","IND","Kerala","","9930","1356582456"
"Hingyon","Hingyon","16.8522","121.0989","Philippines","PH","PHL","Ifugao","","9930","1608866748"
"Beneditinos","Beneditinos","-5.4550","-42.3600","Brazil","BR","BRA","Piauí","minor","9929","1076594743"
"Lālganj","Lalganj","25.7297","87.4799","India","IN","IND","Bihār","","9929","1356756752"
"Khāpdeh","Khapdeh","26.2706","87.1993","India","IN","IND","Bihār","","9929","1356898004"
"Bucine","Bucine","43.4775","11.6158","Italy","IT","ITA","Tuscany","","9929","1380795711"
"Santa Clara","Santa Clara","40.1908","-8.4383","Portugal","PT","PRT","Coimbra","","9929","1620115175"
"Morden","Morden","49.1919","-98.1006","Canada","CA","CAN","Manitoba","","9929","1124327817"
"Opochka","Opochka","56.7000","28.6667","Russia","RU","RUS","Pskovskaya Oblast’","minor","9928","1643125012"
"Mission","Mission","39.0270","-94.6568","United States","US","USA","Kansas","","9928","1840003831"
"Altenholz","Altenholz","54.4000","10.1333","Germany","DE","DEU","Schleswig-Holstein","minor","9927","1276597876"
"Carmaux","Carmaux","44.0500","2.1589","France","FR","FRA","Occitanie","","9927","1250416433"
"Brentwood","Brentwood","40.3734","-79.9757","United States","US","USA","Pennsylvania","","9927","1840001212"
"Karimunjawa","Karimunjawa","-5.8192","110.4590","Indonesia","ID","IDN","Jawa Tengah","","9926","1360892611"
"Kalimala","Kalimala","18.0738","81.7495","India","IN","IND","Chhattīsgarh","","9926","1356918951"
"Kadrābād","Kadrabad","25.5793","85.9475","India","IN","IND","Bihār","","9926","1356036353"
"Parwāha","Parwaha","26.2336","87.2197","India","IN","IND","Bihār","","9925","1356823574"
"Verkhniy Tagil","Verkhniy Tagil","57.3833","59.9500","Russia","RU","RUS","Sverdlovskaya Oblast’","","9925","1643392209"
"Grossos","Grossos","-4.9800","-37.1550","Brazil","BR","BRA","Rio Grande do Norte","minor","9924","1076598247"
"Ţālkhvoncheh","Talkhvoncheh","32.2622","51.5603","Iran","IR","IRN","Eşfahān","","9924","1364903302"
"Farsund","Farsund","58.0833","6.8000","Norway","NO","NOR","Agder","minor","9924","1578528519"
"Frýdlant nad Ostravicí","Frydlant nad Ostravici","49.5928","18.3597","Czechia","CZ","CZE","Moravskoslezský Kraj","","9923","1203314077"
"Paval","Paval","12.2958","75.4056","India","IN","IND","Kerala","","9923","1356781512"
"Vedurupāvalūru","Vedurupavaluru","16.5519","80.7309","India","IN","IND","Andhra Pradesh","","9923","1356325276"
"Kargahiā Purab","Kargahia Purab","26.7887","84.5298","India","IN","IND","Bihār","","9922","1356215234"
"Ban Pong Yaeng Nai","Ban Pong Yaeng Nai","18.8833","98.8167","Thailand","TH","THA","Chiang Mai","","9922","1764702190"
"Bajwāra","Bajwara","31.5150","75.9494","India","IN","IND","Punjab","","9921","1356172127"
"Sparta","Sparta","43.9377","-90.8131","United States","US","USA","Wisconsin","","9921","1840002565"
"St. Augustine Shores","St. Augustine Shores","29.8039","-81.3086","United States","US","USA","Florida","","9921","1840013972"
"Bee Ridge","Bee Ridge","27.2855","-82.4731","United States","US","USA","Florida","","9921","1840028632"
"Welkenraedt","Welkenraedt","50.6606","5.9714","Belgium","BE","BEL","Wallonia","","9920","1056282344"
"Dongcha","Dongcha","34.3800","106.6623","China","CN","CHN","Gansu","","9920","1156014630"
"Angalakudūru Malepalle","Angalakuduru Malepalle","16.2392","80.6117","India","IN","IND","Andhra Pradesh","","9920","1356531518"
"North Versailles","North Versailles","40.3785","-79.8084","United States","US","USA","Pennsylvania","","9920","1840133154"
"Temiskaming Shores","Temiskaming Shores","47.5167","-79.6833","Canada","CA","CAN","Ontario","","9920","1124001880"
"Dharmavaram","Dharmavaram","18.2164","83.8856","India","IN","IND","Andhra Pradesh","","9919","1356129246"
"Minnāmpalli","Minnampalli","11.6758","78.2676","India","IN","IND","Tamil Nādu","","9918","1356225075"
"Setubinha","Setubinha","-17.6000","-42.1589","Brazil","BR","BRA","Minas Gerais","minor","9917","1076403367"
"Bekkaria","Bekkaria","35.3722","8.2422","Algeria","DZ","DZA","Tébessa","","9917","1012898761"
"Balderton","Balderton","53.0549","-0.7727","United Kingdom","GB","GBR","Nottinghamshire","","9917","1826134256"
"Pavittiram","Pavittiram","11.1406","78.3631","India","IN","IND","Tamil Nādu","","9917","1356234407"
"Honwāda","Honwada","16.7333","77.9333","India","IN","IND","Andhra Pradesh","","9916","1356033791"
"Sant Julià de Lòria","Sant Julia de Loria","42.4650","1.4911","Andorra","AD","AND","Sant Julià de Lòria","admin","9915","1020885733"
"Barni","Barni","25.3484","85.0594","India","IN","IND","Bihār","","9914","1356558002"
"Varzedo","Varzedo","-12.9708","-39.3939","Brazil","BR","BRA","Bahia","minor","9913","1076982829"
"Crigglestone","Crigglestone","53.6440","-1.5225","United Kingdom","GB","GBR","Wakefield","","9913","1826293505"
"Pipraun","Pipraun","26.5990","85.9356","India","IN","IND","Bihār","","9913","1356858835"
"Mussomeli","Mussomeli","37.5794","13.7525","Italy","IT","ITA","Sicilia","","9913","1380692742"
"Liskeard","Liskeard","50.4536","-4.4651","United Kingdom","GB","GBR","Cornwall","","9912","1826851300"
"Pūdimadaka","Pudimadaka","17.5000","83.0167","India","IN","IND","Andhra Pradesh","","9912","1356646092"
"Strzelce Krajeńskie","Strzelce Krajenskie","52.8756","15.5319","Poland","PL","POL","Lubuskie","minor","9912","1616150192"
"Mandello del Lario","Mandello del Lario","45.9167","9.3167","Italy","IT","ITA","Lombardy","","9911","1380200850"
"Manduri","Manduri","-23.0033","-49.3219","Brazil","BR","BRA","São Paulo","minor","9910","1076633866"
"Littleport","Littleport","52.4568","0.3046","United Kingdom","GB","GBR","Cambridgeshire","","9910","1826638568"
"Epanomí","Epanomi","40.4333","22.9333","Greece","GR","GRC","Kentrikí Makedonía","","9910","1300802037"
"Kunnūr","Kunnur","9.5882","77.7006","India","IN","IND","Tamil Nādu","","9910","1356219148"
"Karajgi","Karajgi","14.8641","75.4535","India","IN","IND","Karnātaka","","9910","1356050075"
"Chambly","Chambly","49.1672","2.2489","France","FR","FRA","Hauts-de-France","","9909","1250064541"
"San Isidro","San Isidro","9.8000","124.3000","Philippines","PH","PHL","Bohol","","9909","1608028784"
"San Bartolomé Perulapía","San Bartolome Perulapia","13.7658","-89.0508","El Salvador","SV","SLV","Cuscatlán","","9909","1222745910"
"Polistena","Polistena","38.4000","16.0667","Italy","IT","ITA","Calabria","","9908","1380105837"
"Olaine","Olaine","56.7844","23.9369","Latvia","LV","LVA","Olaine","admin","9908","1428220700"
"Ellisville","Ellisville","38.5897","-90.5884","United States","US","USA","Missouri","","9908","1840008581"
"Arroyohondo","Arroyohondo","10.1333","-75.5667","Colombia","CO","COL","Bolívar","minor","9907","1170311154"
"Fuente Palmera","Fuente Palmera","37.7032","-5.1041","Spain","ES","ESP","Andalusia","","9907","1724922514"
"Volodarsk","Volodarsk","56.2167","43.1833","Russia","RU","RUS","Nizhegorodskaya Oblast’","minor","9907","1643851131"
"Boufatis","Boufatis","35.6833","-0.4167","Algeria","DZ","DZA","Oran","","9906","1012133037"
"Kaunra","Kaunra","25.5231","84.5575","India","IN","IND","Bihār","","9906","1356037434"
"Vaiano","Vaiano","43.9667","11.1167","Italy","IT","ITA","Tuscany","","9906","1380537845"
"Holsbeek","Holsbeek","50.9208","4.7569","Belgium","BE","BEL","Flanders","","9905","1056025323"
"Phak Hai","Phak Hai","14.4574","100.3699","Thailand","TH","THA","Phra Nakhon Si Ayutthaya","minor","9905","1764882344"
"Mayfield","Mayfield","36.7371","-88.6447","United States","US","USA","Kentucky","","9905","1840015268"
"Nové Město na Moravě","Nove Mesto na Morave","49.5614","16.0742","Czechia","CZ","CZE","Vysočina","","9904","1203071196"
"Sande","Sande","59.5936","10.2076","Norway","NO","NOR","Vestfold og Telemark","","9904","1578002266"
"El Metline","El Metline","37.2500","10.0500","Tunisia","TN","TUN","Bizerte","","9904","1788292839"
"Pájaros","Pajaros","18.3610","-66.2184","Puerto Rico","PR","PRI","Puerto Rico","","9904","1630035532"
"Glanmire","Glanmire","51.9158","-8.3997","Ireland","IE","IRL","Cork","","9903","1372070147"
"Bharhopur","Bharhopur","25.9488","84.5274","India","IN","IND","Bihār","","9903","1356544709"
"Lomazzo","Lomazzo","45.7000","9.0333","Italy","IT","ITA","Lombardy","","9903","1380152646"
"Kaith","Kaith","25.4776","86.2001","India","IN","IND","Bihār","","9902","1356743248"
"Muskegon Heights","Muskegon Heights","43.2023","-86.2421","United States","US","USA","Michigan","","9902","1840002871"
"Latifpur","Latifpur","22.4067","91.7464","Bangladesh","BD","BGD","Chattogram","","9901","1050917791"
"La Escala","La Escala","42.1140","3.1390","Spain","ES","ESP","Catalonia","","9901","1724179196"
"Zefýri","Zefyri","38.0667","23.7167","Greece","GR","GRC","Attikí","","9901","1300050699"
"Tiszaföldvár","Tiszafoldvar","46.9833","20.2500","Hungary","HU","HUN","Jász-Nagykun-Szolnok","","9901","1348506959"
"Nāvinipatti","Navinipatti","10.0439","78.3557","India","IN","IND","Tamil Nādu","","9901","1356203007"
"Maceira","Maceira","39.6897","-8.9000","Portugal","PT","PRT","Leiria","","9901","1620411435"
"Woodfield","Woodfield","34.0587","-80.9309","United States","US","USA","South Carolina","","9901","1840035853"
"Panjāb","Panjab","34.3833","67.0167","Afghanistan","AF","AFG","Bāmyān","minor","9900","1004837341"
"Sursee","Sursee","47.1742","8.1081","Switzerland","CH","CHE","Luzern","minor","9900","1756349177"
"Merchweiler","Merchweiler","49.3500","7.0333","Germany","DE","DEU","Saarland","","9900","1276171496"
"Baldock","Baldock","51.9900","-0.1900","United Kingdom","GB","GBR","Hertfordshire","","9900","1826427353"
"Suhiya","Suhiya","25.6482","84.3916","India","IN","IND","Bihār","","9898","1356624070"
"Makaha","Makaha","21.4739","-158.2102","United States","US","USA","Hawaii","","9898","1840029523"
"Pachalum","Pachalum","14.9269","-90.6650","Guatemala","GT","GTM","Quiché","minor","9897","1320074787"
"Shankarampet","Shankarampet","18.0490","77.9143","India","IN","IND","Andhra Pradesh","","9897","1356385422"
"Villas","Villas","39.0157","-74.9350","United States","US","USA","New Jersey","","9897","1840005869"
"Tonse East","Tonse East","13.3963","74.7217","India","IN","IND","Karnātaka","","9896","1356639374"
"San José Villanueva","San Jose Villanueva","13.5833","-89.2667","El Salvador","SV","SLV","La Libertad","","9896","1222497651"
"Nenagh","Nenagh","52.8619","-8.1967","Ireland","IE","IRL","Tipperary","admin","9895","1372867922"
"Wāngi","Wangi","18.1833","75.1500","India","IN","IND","Mahārāshtra","","9895","1356576996"
"Bilehra","Bilehra","23.6463","78.7311","India","IN","IND","Madhya Pradesh","","9894","1356328138"
"Travis Ranch","Travis Ranch","32.8015","-96.4775","United States","US","USA","Texas","","9894","1840041568"
"Salem","Salem","40.0539","-111.6718","United States","US","USA","Utah","","9893","1840021395"
"Wilsele","Wilsele","50.8945","4.6982","Belgium","BE","BEL","Flanders","","9892","1056655352"
"Huldenberg","Huldenberg","50.7895","4.5850","Belgium","BE","BEL","Flanders","","9892","1056380225"
"Dera Baba Nanak","Dera Baba Nanak","32.0321","75.0292","India","IN","IND","Punjab","","9892","1356706781"
"Ippagūdem","Ippagudem","17.7668","79.3751","India","IN","IND","Andhra Pradesh","","9892","1356151123"
"Asola","Asola","45.2167","10.4167","Italy","IT","ITA","Lombardy","","9892","1380570260"
"Brinkmann","Brinkmann","-30.8669","-62.0336","Argentina","AR","ARG","Córdoba","","9890","1032512387"
"Siruvalūr","Siruvalur","11.3600","77.4575","India","IN","IND","Tamil Nādu","","9890","1356142549"
"Urgnano","Urgnano","45.5972","9.6950","Italy","IT","ITA","Lombardy","","9890","1380476962"
"Lincoln City","Lincoln City","44.9751","-124.0072","United States","US","USA","Oregon","","9890","1840019974"
"Rödinghausen","Rodinghausen","52.2500","8.4667","Germany","DE","DEU","North Rhine-Westphalia","","9889","1276776306"
"Rochford","Rochford","51.5821","0.7065","United Kingdom","GB","GBR","Essex","","9889","1826801130"
"Baghānt","Baghant","26.1748","86.1705","India","IN","IND","Bihār","","9889","1356697262"
"Jettihalli","Jettihalli","12.0800","78.1193","India","IN","IND","Tamil Nādu","","9889","1356304777"
"Miadanandriana","Miadanandriana","-19.0361","47.7923","Madagascar","MG","MDG","Antananarivo","","9889","1450763578"
"Sturbridge","Sturbridge","42.1076","-72.0904","United States","US","USA","Massachusetts","","9889","1840053606"
"Köflach","Koflach","47.0667","15.0833","Austria","AT","AUT","Steiermark","","9888","1040578038"
"Worth","Worth","51.1130","-0.1470","United Kingdom","GB","GBR","West Sussex","","9888","1826978438"
"Coello","Coello","4.3333","-74.9167","Colombia","CO","COL","Tolima","minor","9887","1170249234"
"Friedrichsthal","Friedrichsthal","49.3256","7.0961","Germany","DE","DEU","Saarland","","9887","1276137098"
"Sūknah","Suknah","29.0669","15.7847","Libya","LY","LBY","Al Jufrah","","9887","1434785614"
"Gudgeri","Gudgeri","15.1225","75.3653","India","IN","IND","Karnātaka","","9886","1356313738"
"Namakadu","Namakadu","14.0060","80.1194","India","IN","IND","Andhra Pradesh","","9885","1356314478"
"Campi Salentina","Campi Salentina","40.4000","18.0167","Italy","IT","ITA","Puglia","","9885","1380290099"
"Souleï","Soulei","13.8778","-5.2458","Mali","ML","MLI","Ségou","","9885","1466104831"
"Muthābana","Muthabana","24.9346","88.0425","India","IN","IND","West Bengal","","9884","1356015575"
"Bhadsara","Bhadsara","25.3696","84.8444","India","IN","IND","Bihār","","9884","1356255694"
"Rye Brook","Rye Brook","41.0302","-73.6864","United States","US","USA","New York","","9884","1840004942"
"Tutong","Tutong","4.8067","114.6592","Brunei","BN","BRN","Tutong","admin","9883","1096181037"
"Le Muy","Le Muy","43.4736","6.5667","France","FR","FRA","Provence-Alpes-Côte d’Azur","","9882","1250812902"
"Kadanganeri","Kadanganeri","8.9200","77.5500","India","IN","IND","Tamil Nādu","","9882","1356206442"
"Kaimāti","Kaimati","26.3186","89.7843","India","IN","IND","Assam","","9882","1356917958"
"Chintapalle","Chintapalle","17.8667","82.3500","India","IN","IND","Andhra Pradesh","","9882","1356351597"
"Gurwaliā Biswās","Gurwalia Biswas","26.8372","84.4687","India","IN","IND","Bihār","","9882","1356051308"
"Mohlanapeng","Mohlanapeng","-29.6975","28.6947","Lesotho","LS","LSO","Thaba-Tseka","","9882","1426075936"
"Hinton","Hinton","53.4114","-117.5639","Canada","CA","CAN","Alberta","","9882","1124131074"
"Itapeva","Itapeva","-22.7678","-46.2208","Brazil","BR","BRA","Minas Gerais","minor","9881","1076658092"
"Petorca","Petorca","-32.2514","-70.9314","Chile","CL","CHL","Valparaíso","","9881","1152135793"
"Edenbridge","Edenbridge","51.1970","0.0650","United Kingdom","GB","GBR","Kent","","9881","1826946540"
"Sultānpur","Sultanpur","29.1600","79.0600","India","IN","IND","Uttarākhand","","9881","1356063593"
"Saint-Sauveur","Saint-Sauveur","45.9000","-74.1700","Canada","CA","CAN","Quebec","","9881","1124720935"
"Vardenik","Vardenik","40.1350","45.4364","Armenia","AM","ARM","Geghark’unik’","","9880","1051146271"
"Ankazotsifantatra","Ankazotsifantatra","-19.9862","48.5011","Madagascar","MG","MDG","Toamasina","","9880","1450068487"
"Kaiken","Kaiken","-54.5062","-67.1905","Argentina","AR","ARG","Tierra del Fuego, Antártida e Islas del Atlántico Sur","","9879","1032984446"
"Ottendorf-Okrilla","Ottendorf-Okrilla","51.1792","13.8261","Germany","DE","DEU","Saxony","","9879","1276340618"
"Meldola","Meldola","44.1333","12.0667","Italy","IT","ITA","Emilia-Romagna","","9879","1380278885"
"Khrystynivka","Khrystynivka","48.8000","29.9667","Ukraine","UA","UKR","Cherkaska Oblast","","9879","1804529706"
"Ga-Kgapane","Ga-Kgapane","-23.6490","30.2260","South Africa","ZA","ZAF","Limpopo","","9879","1710661361"
"Avon Park","Avon Park","27.5898","-81.5068","United States","US","USA","Florida","","9879","1840014166"
