"Stari Trg","Stari Trg","45.7142","14.4695","Slovenia","SI","SVN","Loška Dolina","admin","838","1705849784"
"Preddvor","Preddvor","46.3052","14.4203","Slovenia","SI","SVN","Preddvor","admin","835","1705403351"
"Vatican City","Vatican City","41.9040","12.4530","Vatican City","VA","VAT","","primary","825","1336000000"
"Charaña","Charana","-17.5919","-69.4456","Bolivia","BO","BOL","La Paz","","817","1068774768"
"Shadrinsk","Shadrinsk","56.1333","63.6500","Russia","RU","RUS","Kurganskaya Oblast’","minor","817","1643030252"
"Onslow","Onslow","-21.6400","115.1100","Australia","AU","AUS","Western Australia","","813","1036255184"
"Lavrentiya","Lavrentiya","65.5842","-170.9889","Russia","RU","RUS","Chukotskiy Avtonomnyy Okrug","minor","809","1643889063"
"Zgornja Hajdina","Zgornja Hajdina","46.4061","15.8386","Slovenia","SI","SVN","Hajdina","admin","804","1705893552"
"Yaren","Yaren","-0.5456","166.9250","Nauru","NR","NRU","Yaren","primary","803","1520790128"
"Bicheno","Bicheno","-41.8667","148.2833","Australia","AU","AUS","Tasmania","","797","1036189642"
"Vailoa","Vailoa","-13.7558","-172.3064","Samoa","WS","WSM","Palauli","admin","784","1882047846"
"Verkhoyansk","Verkhoyansk","67.5500","133.3833","Russia","RU","RUS","Sakha (Yakutiya)","","768","1643386560"
"Muhembo","Muhembo","-18.2996","21.8000","Botswana","BW","BWA","North West","","757","1072113578"
"Starše","Starse","46.4658","15.7672","Slovenia","SI","SVN","Starše","admin","757","1705557844"
"Sveta Trojica v Slovenskih Goricah","Sveta Trojica v Slovenskih Goricah","46.5767","15.8769","Slovenia","SI","SVN","Sveta Trojica v Slovenskih Goricah","admin","754","1705659496"
"Moravske-Toplice","Moravske-Toplice","46.6875","16.2256","Slovenia","SI","SVN","Moravske Toplice","admin","752","1705126489"
"San Lawrenz","San Lawrenz","36.0550","14.2042","Malta","MT","MLT","San Lawrenz","admin","748","1470602161"
"Wyndham","Wyndham","-15.4825","128.1228","Australia","AU","AUS","Western Australia","","745","1036474435"
"Yerëma","Yerema","60.3808","107.7794","Russia","RU","RUS","Irkutskaya Oblast’","","745","1643177367"
"Rankovce","Rankovce","42.1719","22.1167","North Macedonia","MK","MKD","Rankovce","admin","744","1807575395"
"Comallo","Comallo","-41.0333","-70.2667","Argentina","AR","ARG","Río Negro","","741","1032806030"
"Velike Lašče","Velike Lasce","45.8363","14.6377","Slovenia","SI","SVN","Velike Lašče","admin","724","1705618557"
"Jamestown","Jamestown","-15.9251","-5.7179","Saint Helena, Ascension, and Tristan da Cunha","SH","SHN","Saint Helena","primary","714","1654761576"
"Hvalba","Hvalba","61.6000","-6.9556","Faroe Islands","FO","FRO","Hvalba","admin","713","1234381324"
"Zhilinda","Zhilinda","70.1333","113.9833","Russia","RU","RUS","Sakha (Yakutiya)","","709","1643497497"
"Satadougou","Satadougou","12.6170","-11.4066","Mali","ML","MLI","Kayes","","706","1466591334"
"Lakatoro","Lakatoro","-16.1069","167.4208","Vanuatu","VU","VUT","Malampa","admin","705","1548761183"
"Roebourne","Roebourne","-20.7667","117.1500","Australia","AU","AUS","Western Australia","","700","1036752479"
"Mokronog","Mokronog","45.9426","15.1490","Slovenia","SI","SVN","Mokronog-Trebelno","admin","700","1705336506"
"Zhaltyr","Zhaltyr","51.6324","69.8328","Kazakhstan","KZ","KAZ","Aqmola","","694","1398809487"
"Sopište","Sopiste","41.9500","21.4333","North Macedonia","MK","MKD","Sopište","admin","690","1807691189"
"Kostanjevica na Krki","Kostanjevica na Krki","45.8463","15.4249","Slovenia","SI","SVN","Kostanjevica na Krki","admin","689","1705796422"
"Pannawonica","Pannawonica","-21.6333","116.3333","Australia","AU","AUS","Western Australia","","685","1036914573"
"Linxi","Linxi","43.5171","118.0333","China","CN","CHN","Inner Mongolia","minor","679","1156608652"
"Ituni","Ituni","5.5333","-58.2500","Guyana","GY","GUY","Upper Demerara-Berbice","","676","1328501744"
"Meekatharra","Meekatharra","-26.5936","118.4953","Australia","AU","AUS","Western Australia","","675","1036608457"
"Qubadlı","Qubadli","39.3439","46.5797","Azerbaijan","AZ","AZE","Qubadlı","admin","672","1031526251"
"Manily","Manily","62.4908","165.3298","Russia","RU","RUS","Kamchatskiy Kray","","667","1643235167"
"Leonora","Leonora","-28.8845","121.3308","Australia","AU","AUS","Western Australia","","657","1036140404"
"Gawler","Gawler","-34.5981","138.7450","Australia","AU","AUS","South Australia","","650","1036309493"
"Massangena","Massangena","-21.5373","32.9564","Mozambique","MZ","MOZ","Gaza","","650","1508224482"
"Qaanaaq","Qaanaaq","77.4667","-69.2306","Greenland","GL","GRL","Avannaata","","646","1304094556"
"Komen","Komen","45.8159","13.7507","Slovenia","SI","SVN","Komen","admin","642","1705031068"
"Puerto Limón","Puerto Limon","10.0022","-83.0840","Costa Rica","CR","CRI","Limón","admin","637","1188214393"
"Šmartno","Smartno","46.3297","15.0325","Slovenia","SI","SVN","Šmartno ob Paki","admin","636","1705804130"
"Kozje","Kozje","46.0750","15.5603","Slovenia","SI","SVN","Kozje","admin","634","1705548274"
"Puconci","Puconci","46.7067","16.1564","Slovenia","SI","SVN","Puconci","admin","633","1705677747"
"Vasilevo","Vasilevo","41.4758","22.6417","North Macedonia","MK","MKD","Vasilevo","admin","630","1807855424"
"Calatrava","Calatrava","1.1164","9.4186","Equatorial Guinea","GQ","GNQ","Litoral","","628","1226322426"
"Tiyerbes","Tiyerbes","64.3728","120.5494","Russia","RU","RUS","Sakha (Yakutiya)","","626","1643794725"
"Grad","Grad","46.8000","16.1000","Slovenia","SI","SVN","Grad","admin","620","1705033390"
"Omolon","Omolon","65.2667","160.4667","Russia","RU","RUS","Chukotskiy Avtonomnyy Okrug","","616","1643719081"
"Tigoa","Tigoa","-11.5531","160.0647","Solomon Islands","SB","SLB","Rennell and Bellona","admin","613","1090423471"
"Villa O’Higgins","Villa O'Higgins","-48.4683","-72.5600","Chile","CL","CHL","Aysén","","612","1152709181"
"Kimba","Kimba","-33.1396","136.4191","Australia","AU","AUS","South Australia","","608","1036035341"
"Majšperk","Majsperk","46.3517","15.7336","Slovenia","SI","SVN","Majšperk","admin","606","1705147774"
"Dibaya","Dibaya","-6.5095","22.8700","Congo (Kinshasa)","CD","COD","Kasaï Central","","603","1180985189"
"Gastre","Gastre","-42.2667","-69.2167","Argentina","AR","ARG","Chubut","minor","602","1032815504"
"Panda","Panda","-24.0629","34.7303","Mozambique","MZ","MOZ","Inhambane","","602","1508574997"
"Kəlbəcər","Kalbacar","40.1098","46.0445","Azerbaijan","AZ","AZE","Kəlbəcər","admin","600","1031212922"
"Saleaula","Saleaula","-13.4501","-172.3335","Samoa","WS","WSM","Gaga‘emauga","admin","600","1882605280"
"Alofi","Alofi","-19.0560","-169.9210","Niue","NU","NIU","","primary","597","1570882835"
"Videm","Videm","45.8484","14.6944","Slovenia","SI","SVN","Dobrepolje","admin","590","1705074870"
"Podčetrtek","Podcetrtek","46.1569","15.5986","Slovenia","SI","SVN","Podčetrtek","admin","578","1705261000"
"Karbinci","Karbinci","41.8167","22.2375","North Macedonia","MK","MKD","Karbinci","admin","574","1807568669"
"Sabaya","Sabaya","-19.0147","-68.3708","Bolivia","BO","BOL","Oruro","","573","1068184161"
"Ust’-Nyukzha","Ust'-Nyukzha","56.5500","121.6000","Russia","RU","RUS","Amurskaya Oblast’","","573","1643347046"
"Oatlands","Oatlands","-42.3000","147.3706","Australia","AU","AUS","Tasmania","","562","1036926323"
"Zgornje Jezersko","Zgornje Jezersko","46.3951","14.4966","Slovenia","SI","SVN","Jezersko","admin","558","1705991236"
"Chiramba","Chiramba","-16.8921","34.6559","Mozambique","MZ","MOZ","Manica","","556","1508392455"
"Norseman","Norseman","-32.1961","121.7781","Australia","AU","AUS","Western Australia","","555","1036257263"
"Llica","Llica","-19.8500","-68.2500","Bolivia","BO","BOL","Potosí","","553","1068053822"
"Lata","Lata","-10.7380","165.8567","Solomon Islands","SB","SLB","Temotu","admin","553","1090442496"
"Obluchye","Obluchye","49.0167","131.0500","Russia","RU","RUS","Yevreyskaya Avtonomnaya Oblast’","minor","550","1643987123"
"Mereeg","Mereeg","3.7666","47.3000","Somalia","SO","SOM","Galguduud","","548","1706308443"
"Telsen","Telsen","-42.3833","-66.9500","Argentina","AR","ARG","Chubut","minor","544","1032824407"
"Apače","Apace","46.6972","15.9106","Slovenia","SI","SVN","Apače","admin","543","1705285338"
"Kobilje","Kobilje","46.6847","16.3978","Slovenia","SI","SVN","Kobilje","admin","542","1705965317"
"Wilcannia","Wilcannia","-31.5569","143.3792","Australia","AU","AUS","New South Wales","","539","1036134474"
"Dobrna","Dobrna","46.3381","15.2293","Slovenia","SI","SVN","Dobrna","admin","536","1705353787"
"Zgornje Gorje","Zgornje Gorje","46.3801","14.0684","Slovenia","SI","SVN","Gorje","admin","532","1705342044"
"Calenga","Calenga","-11.3196","16.2000","Angola","AO","AGO","Bié","","531","1024822780"
"Quilpie","Quilpie","-26.6161","144.2675","Australia","AU","AUS","Queensland","","530","1036696232"
"Southern Cross","Southern Cross","-31.2306","119.3278","Australia","AU","AUS","Western Australia","","523","1036931490"
"Lozovo","Lozovo","41.7817","21.9025","North Macedonia","MK","MKD","Lozovo","admin","521","1807681577"
"Rečica","Recica","46.3247","14.9228","Slovenia","SI","SVN","Rečica ob Savinji","admin","516","1705082644"
"Caluula","Caluula","11.9670","50.7500","Somalia","SO","SOM","Bari","","513","1706796061"
"Tournavista","Tournavista","-8.9322","-74.7052","Peru","PE","PER","Huánuco","","511","1604006133"
"Felidhoo","Felidhoo","3.4717","73.5472","Maldives","MV","MDV","Felidheatholhu","admin","506","1462456773"
"Tchitado","Tchitado","-17.3167","13.9167","Angola","AO","AGO","Cunene","","500","1024158837"
"Yakossi","Yakossi","5.6170","23.3167","Central African Republic","CF","CAF","Mbomou","","500","1140246753"
"Tmassah","Tmassah","26.3667","15.8000","Libya","LY","LBY","Murzuq","","500","1434333715"
"Puerto Pinasco","Puerto Pinasco","-22.6400","-57.7900","Paraguay","PY","PRY","Presidente Hayes","","500","1600670025"
"Oymyakon","Oymyakon","63.4608","142.7858","Russia","RU","RUS","Sakha (Yakutiya)","","500","1643797797"
"Križevci","Krizevci","46.5683","16.1386","Slovenia","SI","SVN","Križevci","admin","499","1705138690"
"Markovci","Markovci","46.3833","15.9500","Slovenia","SI","SVN","Markovci","admin","495","1705493301"
"Staro Nagoričane","Staro Nagoricane","42.2000","21.8300","North Macedonia","MK","MKD","Staro Nagoričane","admin","493","1807782793"
"Šmarješke Toplice","Smarjeske Toplice","45.8622","15.2214","Slovenia","SI","SVN","Šmarješke Toplice","admin","492","1705361649"
"Karumba","Karumba","-17.4838","140.8397","Australia","AU","AUS","Queensland","","487","1036926106"
"Planken","Planken","47.1833","9.5333","Liechtenstein","LI","LIE","Planken","admin","478","1438419168"
"Kempsey","Kempsey","-31.0833","152.8333","Australia","AU","AUS","New South Wales","","474","1036897003"
"Mount Magnet","Mount Magnet","-28.0600","117.8461","Australia","AU","AUS","Western Australia","","470","1036327720"
"Vreed-en-Hoop","Vreed-en-Hoop","6.8076","-58.1815","Guyana","GY","GUY","Essequibo Islands-West Demerara","admin","469","1328178268"
"The Bottom","The Bottom","17.6261","-63.2492","Bonaire, Sint Eustatius, and Saba","BQ","BES","Saba","admin","462","1528203421"
"Richmond","Richmond","-20.7305","143.1425","Australia","AU","AUS","Queensland","","459","1036156498"
"Kullorsuaq","Kullorsuaq","74.5792","-57.2181","Greenland","GL","GRL","Avannaata","","453","1304004889"
"Bangar","Bangar","4.7086","115.0739","Brunei","BN","BRN","Temburong","admin","451","1096321221"
"Cirkulane","Cirkulane","46.3453","15.9952","Slovenia","SI","SVN","Cirkulane","admin","451","1705650900"
"Videm pri Ptuju","Videm pri Ptuju","46.3686","15.9064","Slovenia","SI","SVN","Videm","admin","451","1705681768"
"Woomera","Woomera","-31.1496","136.8000","Australia","AU","AUS","South Australia","","450","1036392822"
"Brvenica","Brvenica","41.9672","20.9808","North Macedonia","MK","MKD","Brvenica","admin","449","1807009322"
"Dhuusamarreeb","Dhuusamarreeb","5.5375","46.3875","Somalia","SO","SOM","Galguduud","admin","447","1706027824"
"Skopun","Skopun","61.9125","-6.8719","Faroe Islands","FO","FRO","Skopun","admin","446","1234929032"
"Morawa","Morawa","-29.2111","116.0089","Australia","AU","AUS","Western Australia","","443","1036194388"
"Theodore","Theodore","-24.9472","150.0755","Australia","AU","AUS","Queensland","","438","1036423364"
"Lukovica","Lukovica","46.1686","14.6892","Slovenia","SI","SVN","Lukovica","admin","438","1705829201"
"Crna Trava","Crna Trava","42.8101","22.2990","Serbia","RS","SRB","Crna Trava","admin","434","1688208441"
"Kuzma","Kuzma","46.8369","16.0833","Slovenia","SI","SVN","Kuzma","admin","429","1705411351"
"Eidsvold","Eidsvold","-25.3719","151.1230","Australia","AU","AUS","Queensland","","426","1036235197"
"Għasri","Ghasri","36.0583","14.2278","Malta","MT","MLT","Għasri","admin","424","1470127050"
"Buabidi","Buabidi","8.4667","-81.7000","Panama","PA","PAN","Ngäbe-Buglé","admin","420","1591495919"
"Cankova","Cankova","46.7208","16.0225","Slovenia","SI","SVN","Cankova","admin","416","1705097170"
"Hvannasund","Hvannasund","62.2833","-6.5167","Faroe Islands","FO","FRO","Hvannasund","admin","414","1234436400"
"Tsavo","Tsavo","-2.9828","38.4666","Kenya","KE","KEN","Taita/Taveta","","414","1404321644"
"Sherlovaya Gora","Sherlovaya Gora","50.5306","116.3006","Russia","RU","RUS","Zabaykal’skiy Kray","","411","1643008235"
"Gornji Petrovci","Gornji Petrovci","46.8053","16.2225","Slovenia","SI","SVN","Gornji Petrovci","admin","411","1705170234"
"Tišina","Tisina","46.6556","16.0933","Slovenia","SI","SVN","Tišina","admin","408","1705811179"
"Ribnica","Ribnica","46.5372","15.2733","Slovenia","SI","SVN","Ribnica na Pohorju","admin","404","1705830999"
"Luče","Luce","46.3565","14.7436","Slovenia","SI","SVN","Luče","admin","402","1705042629"
"Tandil","Tandil","-37.3167","-59.1333","Argentina","AR","ARG","Buenos Aires","minor","400","1032075057"
"Nizhneyansk","Nizhneyansk","71.4333","136.0666","Russia","RU","RUS","Sakha (Yakutiya)","","400","1643012685"
"Espungabera","Espungabera","-20.4531","32.7725","Mozambique","MZ","MOZ","Manica","","393","1508256538"
"Šalovci","Salovci","46.8250","16.2981","Slovenia","SI","SVN","Šalovci","admin","392","1705296581"
"Brades","Brades","16.7928","-62.2106","Montserrat","MS","MSR","Saint Peter","primary","391","1500971198"
"Juršinci","Jursinci","46.4847","15.9714","Slovenia","SI","SVN","Juršinci","admin","381","1705262198"
"Toconao","Toconao","-23.1903","-68.0050","Chile","CL","CHL","Antofagasta","","378","1152732862"
"Podlehnik","Podlehnik","46.3353","15.8800","Slovenia","SI","SVN","Podlehnik","admin","378","1705352359"
"Braslovče","Braslovce","46.2884","15.0386","Slovenia","SI","SVN","Braslovče","admin","378","1705126731"
"Trnovska Vas","Trnovska Vas","46.5167","15.9000","Slovenia","SI","SVN","Trnovska Vas","admin","369","1705654373"
"Rinconada","Rinconada","-22.4333","-66.1667","Argentina","AR","ARG","Jujuy","minor","364","1032429190"
"Šavnik","Savnik","42.9500","19.1000","Montenegro","ME","MNE","Šavnik","admin","364","1499140506"
"Jurovski Dol","Jurovski Dol","46.6064","15.7847","Slovenia","SI","SVN","Sveti Jurij v Slovenskih Goricah","admin","361","1705288408"
"Three Springs","Three Springs","-29.5333","115.7617","Australia","AU","AUS","Western Australia","","356","1036669084"
"Centar Župa","Centar Zupa","41.4775","20.5578","North Macedonia","MK","MKD","Centar Župa","admin","354","1807323094"
"Hrib-Loški Potok","Hrib-Loski Potok","45.7015","14.5901","Slovenia","SI","SVN","Loški Potok","admin","353","1705118688"
"Ravensthorpe","Ravensthorpe","-33.5817","120.0469","Australia","AU","AUS","Western Australia","","350","1036878618"
"Scoresbysund","Scoresbysund","70.4853","-21.9667","Greenland","GL","GRL","Sermersooq","","345","1304036812"
"Kingston","Kingston","-29.0606","167.9619","Norfolk Island","NF","NFK","","primary","341","1574121434"
"Vitomarci","Vitomarci","46.5275","15.9394","Slovenia","SI","SVN","Sveti Andraž v Slovenskih Goricah","admin","341","1705653481"
"Burubaytal","Burubaytal","44.9350","74.0180","Kazakhstan","KZ","KAZ","Zhambyl","","336","1398655547"
"Dobrovo","Dobrovo","45.9989","13.5296","Slovenia","SI","SVN","Brda","admin","334","1705226459"
"Leava","Leava","-14.2933","-178.1583","Wallis and Futuna","WF","WLF","Sigave","admin","322","1876731744"
"Pine Creek","Pine Creek","-13.8235","131.8262","Australia","AU","AUS","Northern Territory","","318","1036858004"
"Šentrupert","Sentrupert","45.9769","15.0897","Slovenia","SI","SVN","Šentrupert","admin","310","1705083565"
"Basse-Terre","Basse-Terre","16.0104","-61.7055","Guadeloupe","GP","GLP","","primary","307","1312938008"
"Umm al ‘Abīd","Umm al `Abid","27.5170","15.0333","Libya","LY","LBY","Wādī ash Shāţi’","","300","1434373121"
"Dolneni","Dolneni","41.4264","21.4536","North Macedonia","MK","MKD","Dolneni","admin","300","1807169470"
"Araouane","Araouane","18.9000","-3.5299","Mali","ML","MLI","Tombouctou","","300","1466354924"
"Halfmoon Bay","Halfmoon Bay","-46.8990","168.1270","New Zealand","NZ","NZL","Southland","","300","1554077152"
"Bugrino","Bugrino","68.7831","49.3036","Russia","RU","RUS","Nenetskiy Avtonomnyy Okrug","","300","1643062803"
"Amursk","Amursk","50.2167","136.9000","Russia","RU","RUS","Khabarovskiy Kray","","300","1643243118"
"Shoyna","Shoyna","67.8778","44.1547","Russia","RU","RUS","Nenetskiy Avtonomnyy Okrug","","300","1643012303"
"Buur Gaabo","Buur Gaabo","-1.2192","41.8372","Somalia","SO","SOM","Jubbada Hoose","","300","1706122850"
"Podvelka","Podvelka","46.5864","15.3286","Slovenia","SI","SVN","Podvelka","admin","299","1705523444"
"Cazombo","Cazombo","-11.9000","22.9000","Angola","AO","AGO","Moxico","","298","1024334740"
"Put’ Lenina","Put' Lenina","68.5166","107.8000","Russia","RU","RUS","Sakha (Yakutiya)","","298","1643749671"
"Porkeri","Porkeri","61.4814","-6.7458","Faroe Islands","FO","FRO","Porkeri","admin","297","1234757268"
"Belčišta","Belcista","41.3028","20.8303","North Macedonia","MK","MKD","Debarca","admin","297","1807953626"
"Yaupi","Yaupi","-2.8379","-77.9357","Ecuador","EC","ECU","Morona-Santiago","","293","1218516951"
"Nova Vas","Nova Vas","45.7726","14.5064","Slovenia","SI","SVN","Bloke","admin","293","1705701553"
"Imdina","Imdina","35.8858","14.4031","Malta","MT","MLT","Imdina","admin","292","1470959100"
"Ikela","Ikela","-1.1833","23.2667","Congo (Kinshasa)","CD","COD","Tshuapa","","291","1180365335"
"Amderma","Amderma","69.7631","61.6678","Russia","RU","RUS","Nenetskiy Avtonomnyy Okrug","","282","1643719353"
"Hodoš","Hodos","46.8233","16.3342","Slovenia","SI","SVN","Hodoš","admin","280","1705217643"
"Ust’-Kut","Ust'-Kut","56.7833","105.6333","Russia","RU","RUS","Irkutskaya Oblast’","minor","278","1643157794"
"Dol","Dol","46.0884","14.6425","Slovenia","SI","SVN","Dol pri Ljubljani","admin","277","1705717325"
"Čučer-Sandevo","Cucer-Sandevo","42.0975","21.3877","North Macedonia","MK","MKD","Čučer-Sandevo","admin","274","1807969277"
"Zelenikovo","Zelenikovo","41.8867","21.5869","North Macedonia","MK","MKD","Zelenikovo","admin","272","1807765797"
"Melekeok","Melekeok","7.5006","134.6241","Palau","PW","PLW","Melekeok","","271","1585892017"
"Ngerulmud","Ngerulmud","7.5006","134.6242","Palau","PW","PLW","Melekeok","primary","271","1585525081"
"Andamooka","Andamooka","-30.4485","137.1651","Australia","AU","AUS","South Australia","","262","1036260794"
"Uelen","Uelen","66.1594","-169.8092","Russia","RU","RUS","Chukotskiy Avtonomnyy Okrug","","255","1643387315"
"Tomaž pri Ormožu","Tomaz pri Ormozu","46.4842","16.0836","Slovenia","SI","SVN","Sveti Tomaž","admin","254","1705837424"
"Tasiusaq","Tasiusaq","73.3689","-56.0556","Greenland","GL","GRL","Avannaata","","252","1304103267"
"Adelaide River","Adelaide River","-13.2378","131.1047","Australia","AU","AUS","Northern Territory","","243","1036136750"
"Kulusuk","Kulusuk","65.5753","-37.1833","Greenland","GL","GRL","Sermersooq","","241","1304671891"
"Burketown","Burketown","-17.7408","139.5477","Australia","AU","AUS","Queensland","","238","1036956849"
"Bistrica ob Sotli","Bistrica ob Sotli","46.0569","15.6625","Slovenia","SI","SVN","Bistrica ob Sotli","admin","235","1705641346"
"Škocjan","Skocjan","45.9069","15.2914","Slovenia","SI","SVN","Škocjan","admin","233","1705940381"
"Kanyato","Kanyato","-4.4565","30.2614","Tanzania","TZ","TZA","Kigoma","","232","1834158031"
"Amau","Amau","-10.0426","148.5650","Papua New Guinea","PG","PNG","Central","","230","1598610032"
"Kairaki","Kairaki","-43.3850","172.7030","New Zealand","NZ","NZL","Canterbury","","225","1554001309"
"Georgetown","Georgetown","-18.2922","143.5480","Australia","AU","AUS","Queensland","","222","1036412066"
"Makole","Makole","46.3172","15.6672","Slovenia","SI","SVN","Makole","admin","221","1705304446"
"Boulia","Boulia","-22.9097","139.9066","Australia","AU","AUS","Queensland","","218","1036512474"
"Turukhansk","Turukhansk","65.7970","87.9680","Russia","RU","RUS","Krasnoyarskiy Kray","minor","212","1643037921"
"Sveti Jurij","Sveti Jurij","46.5695","16.0235","Slovenia","SI","SVN","Sveti Jurij ob Ščavnici","admin","209","1705832384"
"Carnarvon","Carnarvon","-24.8672","113.6611","Australia","AU","AUS","Western Australia","","208","1036344209"
"Solčava","Solcava","46.4201","14.6918","Slovenia","SI","SVN","Solčava","admin","208","1705581561"
"Waitangi","Waitangi","-43.9514","-176.5611","New Zealand","NZ","NZL","Chatham Islands","admin","200","1554847194"
"Thargomindah","Thargomindah","-27.9922","143.8197","Australia","AU","AUS","Queensland","","194","1036793708"
"Destrnik","Destrnik","46.5006","15.8750","Slovenia","SI","SVN","Destrnik","admin","186","1705579309"
"Kraulshavn","Kraulshavn","74.1111","-57.0611","Greenland","GL","GRL","Avannaata","","181","1304966853"
"Tamworth","Tamworth","-31.0833","150.9167","Australia","AU","AUS","New South Wales","","180","1036233388"
"Ayan","Ayan","56.4583","138.1681","Russia","RU","RUS","Khabarovskiy Kray","minor","180","1643586492"
"Lusanga","Lusanga","-5.5808","16.5143","Congo (Kinshasa)","CD","COD","Kwango","","177","1180423801"
"Port Pirie","Port Pirie","-33.1858","138.0169","Australia","AU","AUS","South Australia","","176","1036571606"
"Hurdiyo","Hurdiyo","10.5667","51.1333","Somalia","SO","SOM","Bari","","176","1706025904"
"Androka","Androka","-25.0219","44.0749","Madagascar","MG","MDG","Toliara","","174","1450495720"
"Sovetskaya Gavan’","Sovetskaya Gavan'","48.9667","140.2833","Russia","RU","RUS","Khabarovskiy Kray","minor","169","1643037289"
"Cerkvenjak","Cerkvenjak","46.5706","15.9436","Slovenia","SI","SVN","Cerkvenjak","admin","163","1705808302"
"Ivanhoe","Ivanhoe","-32.9164","144.2994","Australia","AU","AUS","New South Wales","","162","1036571526"
"Kotelnich","Kotelnich","58.3078","48.3181","Russia","RU","RUS","Kirovskaya Oblast’","minor","157","1643742016"
"Al Qunayţirah","Al Qunaytirah","33.1257","35.8236","Syria","SY","SYR","Al Qunayţirah","admin","153","1760132692"
"Camooweal","Camooweal","-19.9211","138.1194","Australia","AU","AUS","Queensland","","152","1036815011"
"Nikolayevsk-na-Amure","Nikolayevsk-na-Amure","53.1333","140.7333","Russia","RU","RUS","Khabarovskiy Kray","minor","150","1643026765"
"Bafwasende","Bafwasende","1.0103","27.1617","Congo (Kinshasa)","CD","COD","Tshopo","","149","1180841746"
"Progress","Progress","49.7504","129.6167","Russia","RU","RUS","Amurskaya Oblast’","minor","146","1643007077"
"Razkrižje","Razkrizje","46.5217","16.2811","Slovenia","SI","SVN","Razkrižje","admin","141","1705276725"
"Buton","Buton","4.2170","108.2000","Indonesia","ID","IDN","Kepulauan Riau","","140","1360984658"
"General Roca","General Roca","-39.0333","-67.5833","Argentina","AR","ARG","Río Negro","minor","136","1032829704"
"Bifoun","Bifoun","-0.3329","10.3832","Gabon","GA","GAB","Moyen-Ogooué","","134","1266655418"
"Chumikan","Chumikan","54.7000","135.2833","Russia","RU","RUS","Khabarovskiy Kray","","134","1643639466"
"Kangersuatsiaq","Kangersuatsiaq","72.3797","-55.5500","Greenland","GL","GRL","Avannaata","","130","1304939198"
"Narsarsuaq","Narsarsuaq","61.1458","-45.4347","Greenland","GL","GRL","Kujalleq","","123","1304138343"
"Bedourie","Bedourie","-24.3594","139.4691","Australia","AU","AUS","Queensland","","122","1036680924"
"Petrovec","Petrovec","41.9389","21.6150","North Macedonia","MK","MKD","Petrovec","admin","121","1807236473"
"Mount Isa","Mount Isa","-20.7261","139.4939","Australia","AU","AUS","Queensland","","118","1036386100"
"Fort Wellington","Fort Wellington","6.4000","-57.6167","Guyana","GY","GUY","Mahaica-Berbice","admin","118","1328483798"
"Dobje","Dobje","46.1369","15.3945","Slovenia","SI","SVN","Dobje","admin","114","1705204927"
"Punta Prieta","Punta Prieta","28.9289","-114.1556","Mexico","MX","MEX","Baja California","","112","1484583029"
"Birdsville","Birdsville","-25.8986","139.3513","Australia","AU","AUS","Queensland","","110","1036830335"
"Star Dojran","Star Dojran","41.1865","22.7203","North Macedonia","MK","MKD","Dojran","admin","105","1807304153"
"Želino","Zelino","41.9794","21.0619","North Macedonia","MK","MKD","Želino","admin","105","1807040075"
"Windorah","Windorah","-25.4205","142.6544","Australia","AU","AUS","Queensland","","104","1036272226"
"Al ‘Uqaylah","Al `Uqaylah","30.2558","19.1994","Libya","LY","LBY","Al Wāḩāt","","100","1434822941"
"Lemsid","Lemsid","26.5482","-13.8482","Morocco","MA","MAR","Laâyoune-Sakia El Hamra","","100","1504999975"
"Mukhomornoye","Mukhomornoye","66.4171","173.3333","Russia","RU","RUS","Chukotskiy Avtonomnyy Okrug","","100","1643631484"
"Vorontsovo","Vorontsovo","71.6983","83.5642","Russia","RU","RUS","Krasnoyarskiy Kray","","100","1643504976"
"Grytviken","Grytviken","-54.2806","-36.5080","South Georgia and South Sandwich Islands","GS","SGS","","","99","1239048837"
"Il’pyrskiy","Il'pyrskiy","59.9600","164.2000","Russia","RU","RUS","Kamchatskiy Kray","","97","1643660854"
"Fámjin","Famjin","61.5264","-6.8769","Faroe Islands","FO","FRO","Fámjin","admin","83","1234221310"
"Osilnica","Osilnica","45.5289","14.6983","Slovenia","SI","SVN","Osilnica","admin","76","1705839708"
"Enurmino","Enurmino","66.9500","-171.8167","Russia","RU","RUS","Chukotskiy Avtonomnyy Okrug","","74","1643693470"
"Piso Firme","Piso Firme","-13.6830","-61.8666","Bolivia","BO","BOL","El Beni","","72","1068400874"
"Sovetsk","Sovetsk","57.5833","48.9833","Russia","RU","RUS","Kirovskaya Oblast’","minor","63","1643054411"
"Chitré","Chitre","7.9667","-80.4333","Panama","PA","PAN","Herrera","admin","60","1591257375"
"Studeničani","Studenicani","41.9158","21.5306","North Macedonia","MK","MKD","Studeničani","admin","59","1807047160"
"Pagėgiai","Pagegiai","55.1333","21.9167","Lithuania","LT","LTU","Pagégiai","admin","57","1440724133"
"Savissivik","Savissivik","76.0194","-65.1139","Greenland","GL","GRL","Avannaata","","55","1304246272"
"Adamstown","Adamstown","-25.0667","-130.0833","Pitcairn Islands","PN","PCN","","primary","47","1612000000"
"Samamea","Samamea","-13.9333","-171.5333","Samoa","WS","WSM","Va‘a-o-Fonoti","admin","45","1882468874"
"Rocafuerte","Rocafuerte","-0.9329","-75.4000","Peru","PE","PER","Loreto","","40","1604951110"
"Bogovinje","Bogovinje","41.9233","20.9133","North Macedonia","MK","MKD","Bogovinje","admin","25","1807279534"
"Cuya","Cuya","-19.1597","-70.1794","Chile","CL","CHL","Tarapacá","","20","1152944039"
"Kovda","Kovda","66.6919","32.8708","Russia","RU","RUS","Murmanskaya Oblast’","","20","1643959579"
"Korf","Korf","60.3667","166.0167","Russia","RU","RUS","Kamchatskiy Kray","","18","1643630456"
"Ust’-Olenëk","Ust'-Olenek","72.9833","119.8167","Russia","RU","RUS","Sakha (Yakutiya)","","11","1643349100"
"Vransko","Vransko","46.1720","14.8217","Slovenia","SI","SVN","Vransko","admin","11","1705616966"
"Puerto Heath","Puerto Heath","-12.5022","-68.6500","Bolivia","BO","BOL","La Paz","","10","1068996459"
"Lagunas","Lagunas","-20.9829","-69.6833","Chile","CL","CHL","Tarapacá","","10","1152360178"
"Barnīs","Barnis","23.9460","35.4842","Egypt","EG","EGY","Al Baḩr al Aḩmar","","10","1818107956"
"Gamba","Gamba","-2.6500","10.0000","Gabon","GA","GAB","Ogooué-Maritime","","10","1266236988"
"Nord","Nord","81.7166","-17.8000","Greenland","GL","GRL","","","10","1304217709"
"Timmiarmiut","Timmiarmiut","62.5333","-42.2167","Greenland","GL","GRL","Kujalleq","","10","1304206491"
"Zillah","Zillah","28.5504","17.5834","Libya","LY","LBY","Al Jufrah","","10","1434245699"
"Chegga","Chegga","25.3719","-5.7867","Mauritania","MR","MRT","Tiris Zemmour","","10","1478632134"
"Djado","Djado","21.0150","12.3075","Niger","NE","NER","Agadez","","10","1562138807"
"Gaigirgordub","Gaigirgordub","9.5583","-78.9483","Panama","PA","PAN","Guna Yala","admin","10","1591425685"
"Andoas","Andoas","-2.9042","-76.4028","Peru","PE","PER","Loreto","","10","1604038416"
"Puca Urco","Puca Urco","-2.3328","-71.9167","Peru","PE","PER","Loreto","","10","1604085670"
"Soldado Bartra","Soldado Bartra","-2.5161","-75.7666","Peru","PE","PER","Loreto","","10","1604302193"
"Güeppí","Gueppi","-0.1166","-75.2300","Peru","PE","PER","Loreto","","10","1604411859"
"Matochkin Shar","Matochkin Shar","73.2700","56.4497","Russia","RU","RUS","Arkhangel’skaya Oblast’","","10","1643843865"
"Siglan","Siglan","59.0337","152.4166","Russia","RU","RUS","Magadanskaya Oblast’","","10","1643408923"
"Omchak","Omchak","61.6333","147.9167","Russia","RU","RUS","Magadanskaya Oblast’","","10","1643827519"
"Shalaurova","Shalaurova","73.2204","143.1833","Russia","RU","RUS","Sakha (Yakutiya)","","10","1643617349"
"Khorgo","Khorgo","73.4833","113.6300","Russia","RU","RUS","Sakha (Yakutiya)","","10","1643550363"
"Peregrebnoye","Peregrebnoye","62.9670","65.0859","Russia","RU","RUS","Khanty-Mansiyskiy Avtonomnyy Okrug-Yugra","","10","1643322655"
"Komsa","Komsa","61.8680","89.2577","Russia","RU","RUS","Krasnoyarskiy Kray","","10","1643255641"
"Gyda","Gyda","70.8814","78.4661","Russia","RU","RUS","Yamalo-Nenetskiy Avtonomnyy Okrug","","10","1643172565"
"Menkerya","Menkerya","67.9886","123.3505","Russia","RU","RUS","Sakha (Yakutiya)","","10","1643637503"
"Zvëzdnyy","Zvezdnyy","70.9333","-179.6000","Russia","RU","RUS","Chukotskiy Avtonomnyy Okrug","","10","1643877771"
"Pakhachi","Pakhachi","60.5816","169.0500","Russia","RU","RUS","Kamchatskiy Kray","","10","1643406349"
"Indiga","Indiga","67.6898","49.0166","Russia","RU","RUS","Nenetskiy Avtonomnyy Okrug","","10","1643522900"
"Starorybnoye","Starorybnoye","72.7666","104.8000","Russia","RU","RUS","Krasnoyarskiy Kray","","10","1643724242"
"Laryak","Laryak","61.1012","80.2514","Russia","RU","RUS","Khanty-Mansiyskiy Avtonomnyy Okrug-Yugra","","10","1643861109"
"Ulkan","Ulkan","55.9004","107.7833","Russia","RU","RUS","Irkutskaya Oblast’","","10","1643020424"
"Strelka","Strelka","61.8670","152.2502","Russia","RU","RUS","Magadanskaya Oblast’","","10","1643297872"
"Chagda","Chagda","60.1000","133.9000","Russia","RU","RUS","Sakha (Yakutiya)","","10","1643773533"
"Sagastyr","Sagastyr","73.3779","126.5924","Russia","RU","RUS","Sakha (Yakutiya)","","10","1643535665"
"Zemlya Bunge","Zemlya Bunge","74.8983","142.1050","Russia","RU","RUS","Sakha (Yakutiya)","","10","1643720805"
"Trofimovsk","Trofimovsk","72.5997","127.0337","Russia","RU","RUS","Sakha (Yakutiya)","","10","1643214114"
"Tunguskhaya","Tunguskhaya","64.9004","125.2500","Russia","RU","RUS","Sakha (Yakutiya)","","10","1643610062"
"Agapa","Agapa","71.4504","89.2500","Russia","RU","RUS","Krasnoyarskiy Kray","","10","1643009087"
"Podkamennaya Tunguska","Podkamennaya Tunguska","61.5995","90.1236","Russia","RU","RUS","Krasnoyarskiy Kray","","10","1643764711"
"Tukchi","Tukchi","57.3670","139.5000","Russia","RU","RUS","Khabarovskiy Kray","","10","1643472801"
"Varnek","Varnek","69.7153","60.0600","Russia","RU","RUS","Nenetskiy Avtonomnyy Okrug","","10","1643378778"
"Numto","Numto","63.6667","71.3333","Russia","RU","RUS","Khanty-Mansiyskiy Avtonomnyy Okrug-Yugra","","10","1643985006"
"Bol’sheretsk","Bol'sheretsk","52.4390","156.3594","Russia","RU","RUS","Kamchatskiy Kray","","10","1643981807"
"Utkholok","Utkholok","57.5504","157.2333","Russia","RU","RUS","Kamchatskiy Kray","","10","1643251905"
"Yessey","Yessey","68.4652","102.1887","Russia","RU","RUS","Krasnoyarskiy Kray","","10","1643816547"
"Karamken","Karamken","60.2004","151.1666","Russia","RU","RUS","Magadanskaya Oblast’","","10","1643511192"
"Kostel","Kostel","45.5088","14.9100","Slovenia","SI","SVN","Kostel","admin","10","1705541759"
"Kingoonya","Kingoonya","-30.9170","135.3147","Australia","AU","AUS","South Australia","","4","1036942792"
"Sharan","Sharan","33.1757","68.7304","Afghanistan","AF","AFG","Paktīkā","admin","","1004273142"
"Nīlī","Nili","33.7218","66.1302","Afghanistan","AF","AFG","Dāykundī","admin","","1004642532"
"Dəvəçi","Davaci","41.2012","48.9871","Azerbaijan","AZ","AZE","Şabran","admin","","1031053363"
"Şərur","Sarur","39.5544","44.9826","Azerbaijan","AZ","AZE","Şərur","admin","","1031386825"
"Qəbələ","Qabala","40.9825","47.8491","Azerbaijan","AZ","AZE","Qəbələ","admin","","1031787201"
"Saidpur","Saidpur","25.8004","89.0000","Bangladesh","BD","BGD","Rangpur","","","1050512022"
"Isale","Isale","-3.3444","29.4833","Burundi","BI","BDI","Bujumbura Rural","admin","","1108407022"
"Dogbo","Dogbo","6.8167","1.7833","Benin","BJ","BEN","Couffo","admin","","1204497206"
"San Rafael","San Rafael","-16.7795","-60.6799","Bolivia","BO","BOL","Santa Cruz","","","1068007535"
"Natal","Natal","-6.9838","-60.2699","Brazil","BR","BRA","Amazonas","","","1076336975"
"Jaboatão","Jaboatao","-8.1803","-35.0014","Brazil","BR","BRA","Pernambuco","","","1076000699"
"Crato","Crato","-7.4639","-63.0400","Brazil","BR","BRA","Amazonas","","","1076425706"
"Iguaçu","Iguacu","-22.7400","-43.4700","Brazil","BR","BRA","Rio de Janeiro","","","1076339714"
"Sarpang","Sarpang","26.8639","90.2674","Bhutan","BT","BTN","Sarpang","admin","","1064362339"
"Pemagatshel","Pemagatshel","27.0375","91.4039","Bhutan","BT","BTN","Pemagatshel","admin","","1064215849"
"Tsimasham","Tsimasham","27.0989","89.5360","Bhutan","BT","BTN","Chhukha","admin","","1064167489"
"Gasa","Gasa","27.9167","89.6833","Bhutan","BT","BTN","Gasa","admin","","1064761583"
"Haa","Haa","27.3825","89.2850","Bhutan","BT","BTN","Haa","admin","","1064717667"
"Lhuentse","Lhuentse","27.6500","91.1500","Bhutan","BT","BTN","Lhuentse","admin","","1064227529"
"Tsirang","Tsirang","27.0219","90.1229","Bhutan","BT","BTN","Tsirang","admin","","1064617460"
"Loango","Loango","-4.6561","11.8114","Congo (Brazzaville)","CG","COG","Kouilou","admin","","1178836764"
"Chuquicamata","Chuquicamata","-22.3169","-68.9301","Chile","CL","CHL","Antofagasta","","0","1152468996"
"Kaifeng Chengguanzhen","Kaifeng Chengguanzhen","34.8519","114.3481","China","CN","CHN","Henan","minor","","1156686574"
"Shizuishan","Shizuishan","39.2333","106.7690","China","CN","CHN","Ningxia","","","1156361664"
"Beidao","Beidao","34.6020","105.9180","China","CN","CHN","Gansu","minor","","1156137209"
"Panying","Panying","33.0023","112.5281","China","CN","CHN","Henan","","","1156979429"
"Jilin","Jilin","43.8519","126.5481","China","CN","CHN","Jilin","minor","","1156646448"
"Puqi","Puqi","29.7204","113.8800","China","CN","CHN","Hubei","","","1156189796"
"Xiping","Xiping","40.0820","113.2981","China","CN","CHN","Shanxi","minor","","1156898522"
"Hangu","Hangu","39.2320","117.7770","China","CN","CHN","Tianjin","","","1156202457"
"Huangyan","Huangyan","28.6500","121.2500","China","CN","CHN","Zhejiang","","","1156149186"
"Xiangshui","Xiangshui","26.5964","104.8314","China","CN","CHN","Guizhou","","","1156328867"
"Simao","Simao","22.7807","100.9782","China","CN","CHN","Yunnan","minor","","1156008347"
"Longzhou","Longzhou","30.3200","112.2300","China","CN","CHN","Hubei","","","1156863928"
"Mizhou","Mizhou","35.9900","119.3801","China","CN","CHN","Shandong","minor","","1156935002"
"Jiaojiangcun","Jiaojiangcun","28.6804","121.4500","China","CN","CHN","Zhejiang","","","1156812073"
"Chengde","Chengde","40.9604","117.9300","China","CN","CHN","Hebei","minor","","1156197800"
"Nanyangcun","Nanyangcun","36.0819","114.3481","China","CN","CHN","Hebei","","","1156660821"
"Huinan","Huinan","42.6229","126.2614","China","CN","CHN","Jilin","minor","","1156136342"
"Tongchuanshi","Tongchuanshi","35.0800","109.0300","China","CN","CHN","Shaanxi","","","1156606433"
"Igreja","Igreja","15.0339","-24.3250","Cabo Verde","CV","CPV","Mosteiros","admin","","1132174768"
"Nova Sintra","Nova Sintra","14.8710","-24.6960","Cabo Verde","CV","CPV","Brava","admin","","1132634480"
"Cova Figueira","Cova Figueira","14.8900","-24.2940","Cabo Verde","CV","CPV","Santa Catarina do Fogo","admin","","1132510430"
"Ribeira Brava","Ribeira Brava","16.6150","-24.2990","Cabo Verde","CV","CPV","Ribeira Brava","admin","","1132498214"
"Erfurt","Erfurt","50.9781","11.0289","Germany","DE","DEU","Thuringia","admin","","1276924655"
"Sandur","Sandur","61.8344","-6.8171","Faroe Islands","FO","FRO","Sandur","admin","","1234438421"
"Fuglafjørður","Fuglafjordhur","62.2448","-6.8150","Faroe Islands","FO","FRO","Fuglafjarður","admin","","1234308038"
"Hov","Hov","61.5068","-6.7599","Faroe Islands","FO","FRO","Hov","admin","","1234279154"
"Vágur","Vagur","61.4733","-6.8175","Faroe Islands","FO","FRO","Vágur","admin","","1234642477"
"Saltangará","Saltangara","62.1156","-6.7206","Faroe Islands","FO","FRO","Runavík","admin","","1234473077"
"Kvívík","Kvivik","62.1186","-7.0737","Faroe Islands","FO","FRO","Kvívík","admin","","1234955585"
"Sumba","Sumba","61.4055","-6.7090","Faroe Islands","FO","FRO","Sumba","admin","","1234926212"
"Viðareiði","Vidhareidhi","62.3600","-6.5313","Faroe Islands","FO","FRO","Viðareiði","admin","","1234512915"
"Norðragøta","Nordhragota","62.1990","-6.7432","Faroe Islands","FO","FRO","Eystur","admin","","1234729250"
"Toftir","Toftir","62.0978","-6.7369","Faroe Islands","FO","FRO","Nes","admin","","1234200740"
"Kirkja","Kirkja","62.3263","-6.3238","Faroe Islands","FO","FRO","Fugloy","admin","","1234508245"
"Eiði","Eidhi","62.2995","-7.0924","Faroe Islands","FO","FRO","Eiði","admin","","1234150922"
"Sandavágur","Sandavagur","62.0537","-7.1498","Faroe Islands","FO","FRO","Vágar","admin","","1234210554"
"Skúvoy","Skuvoy","61.7710","-6.8050","Faroe Islands","FO","FRO","Skúvoy","admin","","1234962897"
"Skálavík","Skalavik","61.8314","-6.6623","Faroe Islands","FO","FRO","Skálavík","admin","","1234815917"
"Sørvágur","Sorvagur","62.0717","-7.3066","Faroe Islands","FO","FRO","Sørvágur","admin","","1234081530"
"Vestmanna","Vestmanna","62.1548","-7.1690","Faroe Islands","FO","FRO","Vestmanna","admin","","1234694837"
"Strendur","Strendur","62.1096","-6.7617","Faroe Islands","FO","FRO","Sjóvar","admin","","1234814533"
"Tvøroyri","Tvoroyri","61.5544","-6.8063","Faroe Islands","FO","FRO","Tvøroyri","admin","","1234871801"
"Húsavík","Husavik","61.8099","-6.6813","Faroe Islands","FO","FRO","Húsavík","admin","","1234224518"
"Kunoy","Kunoy","62.2917","-6.6702","Faroe Islands","FO","FRO","Kunoy","admin","","1234932703"
"Oyrarbakki","Oyrarbakki","62.2079","-6.9997","Faroe Islands","FO","FRO","Sunda","admin","","1234924029"
"Goaso","Goaso","6.8036","-2.5172","Ghana","GH","GHA","Ahafo","admin","","1288616024"
"Sekondi","Sekondi","4.9433","-1.7040","Ghana","GH","GHA","Western","admin","","1288186231"
"Dambai","Dambai","8.0662","0.1795","Ghana","GH","GHA","Oti","admin","","1288521614"
"Sefwi Wiawso","Sefwi Wiawso","6.2058","-2.4894","Ghana","GH","GHA","Western North","admin","","1288994228"
"King Edward Point","King Edward Point","-54.2833","-36.5000","South Georgia And South Sandwich Islands","GS","SGS","","primary","","1239048838"
"Pinrang","Pinrang","-3.7857","119.6522","Indonesia","ID","IDN","Sulawesi Selatan","minor","","1360941841"
"Trim","Trim","53.5550","-6.7917","Ireland","IE","IRL","Meath","admin","","1372676556"
"Jaitpura","Jaitpura","26.9231","75.8080","India","IN","IND","Rājasthān","","","1356971126"
"Rājapālaiyam","Rajapalaiyam","9.4204","77.5800","India","IN","IND","Tamil Nādu","","","1356110350"
"Navsāri","Navsari","20.8504","72.9200","India","IN","IND","Gujarāt","","","1356120513"
"Tonk","Tonk","26.1505","75.7900","India","IN","IND","Rājasthān","","","1356991408"
"Hubli","Hubli","15.3550","75.1362","India","IN","IND","Karnātaka","","","1356102365"
"Al Kūt","Al Kut","32.4907","45.8304","Iraq","IQ","IRQ","Wāsiţ","admin","","1368569694"
"Sārī","Sari","36.5633","53.0601","Iran","IR","IRN","Māzandarān","admin","","1364501878"
"Īlām","Ilam","33.6374","46.4227","Iran","IR","IRN","Īlām","admin","","1364655025"
"Nyamira","Nyamira","-0.5633","34.9358","Kenya","KE","KEN","Nyamira","admin","","1404000104"
"Siaya","Siaya","0.0607","34.2881","Kenya","KE","KEN","Siaya","admin","","1404162576"
"Murang’a","Murang'a","-0.7210","37.1526","Kenya","KE","KEN","Murang’a","admin","","1404066738"
"Ol Kalou","Ol Kalou","-0.2643","36.3788","Kenya","KE","KEN","Nyandarua","admin","","1404930645"
"Sotik Post","Sotik Post","-0.7813","35.3416","Kenya","KE","KEN","Bomet","admin","","1404087664"
"Kapenguria","Kapenguria","1.2389","35.1119","Kenya","KE","KEN","West Pokot","admin","","1404228137"
"Kabarnet","Kabarnet","0.4919","35.7430","Kenya","KE","KEN","Baringo","admin","","1404620707"
"Migori","Migori","-1.0634","34.4731","Kenya","KE","KEN","Migori","admin","","1404478510"
"Pailin","Pailin","12.8489","102.6093","Cambodia","KH","KHM","Pailin","admin","","1116050327"
"Ta Khmau","Ta Khmau","11.4833","104.9500","Cambodia","KH","KHM","Kandal","admin","","1116571704"
"Munha-dong","Munha-dong","39.3813","127.2517","Korea, North","KP","PRK","Kangwŏn","","","1408979215"
"Sil-li","Sil-li","39.4880","125.4640","Korea, North","KP","PRK","P’yŏngnam","","","1408767958"
"Muan","Muan","34.9897","126.4714","Korea, South","KR","KOR","Jeonnam","admin","","1410001061"
"Hongseong","Hongseong","36.6009","126.6650","Korea, South","KR","KOR","Chungnam","admin","","1410822139"
"Anouvông","Anouvong","18.8989","103.0919","Laos","LA","LAO","Xaisômboun","admin","","1418294155"
"Xékong","Xekong","15.3503","106.7286","Laos","LA","LAO","Xékong","admin","","1418000082"
"Phôn-Hông","Phon-Hong","18.4953","102.4153","Laos","LA","LAO","Viangchan","admin","","1418592644"
"Qacha’s Nek","Qacha's Nek","-30.1167","28.6833","Lesotho","LS","LSO","Qacha’s Nek","admin","","1426361264"
"Mersch","Mersch","49.7500","6.1000","Luxembourg","LU","LUX","Mersch","admin","","1442283324"
"Redange-sur-Attert","Redange-sur-Attert","49.7652","5.8894","Luxembourg","LU","LUX","Redange","admin","","1442099691"
"Idrī","Idri","27.4471","13.0517","Libya","LY","LBY","Wādī ash Shāţi’","admin","","1434443323"
"Cocieri","Cocieri","47.3000","29.1167","Moldova","MD","MDA","Dubăsari","admin","","1498580757"
"Lipkovo","Lipkovo","42.1553","21.5875","North Macedonia","MK","MKD","Lipkovo","admin","","1807754347"
"Ilinden","Ilinden","41.9945","21.5800","North Macedonia","MK","MKD","Ilinden","admin","","1807767601"
"Resen","Resen","41.0893","21.0109","North Macedonia","MK","MKD","Resen","admin","","1807384915"
"Makedonska Kamenica","Makedonska Kamenica","42.0208","22.5876","North Macedonia","MK","MKD","Makedonska Kamenica","admin","","1807768534"
"Pakokku","Pakokku","21.3320","95.0866","Burma","MM","MMR","Magway","","","1104161315"
"Dalandzadgad","Dalandzadgad","43.5708","104.4250","Mongolia","MN","MNG","Ömnögovĭ","admin","","1496141284"
"Tevragh Zeina","Tevragh Zeina","18.0989","-15.9885","Mauritania","MR","MRT","Nouakchott Ouest","admin","","1478902195"
"Plymouth","Plymouth","16.7064","-62.2158","Montserrat","MS","MSR","Saint Anthony","primary","","1500711935"
"Santa Luċija","Santa Lucija","36.0431","14.2172","Malta","MT","MLT","Santa Luċija","admin","","1470880833"
"Rasdhoo","Rasdhoo","4.2631","72.9919","Maldives","MV","MDV","Ariatholhu Uthuruburi","admin","","1462000003"
"Dhihdhoo","Dhihdhoo","6.8874","73.1140","Maldives","MV","MDV","Thiladhunmathee Uthuruburi","admin","","1462109783"
"Muli","Muli","2.9217","73.5811","Maldives","MV","MDV","Mulakatholhu","admin","","1462436531"
"Fonadhoo","Fonadhoo","1.8342","73.5031","Maldives","MV","MDV","Hahdhunmathi","admin","","1462000001"
"Nilandhoo","Nilandhoo","3.0567","72.8900","Maldives","MV","MDV","Nilandheatholhu Uthuruburi","admin","","1462000005"
"Thulusdhoo","Thulusdhoo","4.3742","73.6517","Maldives","MV","MDV","Maaleatholhu","admin","","1462000004"
"Balaka","Balaka","-14.9889","34.9591","Malawi","MW","MWI","Balaka","admin","","1454732693"
"Neno","Neno","-15.3981","34.6534","Malawi","MW","MWI","Neno","admin","","1454089137"
"Chikwawa","Chikwawa","-16.0350","34.8010","Malawi","MW","MWI","Chikwawa","admin","","1454343925"
"Las Delicias","Las Delicias","28.2000","-105.5000","Mexico","MX","MEX","Chihuahua","","","1484513329"
"Wé","We","-20.9000","167.2667","New Caledonia","NC","NCL","Province Îles","admin","","1540672599"
"Abakaliki","Abakaliki","6.3249","8.1137","Nigeria","NG","NGA","Ebonyi","admin","","1566879878"
"Yenagoa","Yenagoa","4.9267","6.2676","Nigeria","NG","NGA","Bayelsa","admin","","1566468984"
"Gombe","Gombe","10.2904","11.1700","Nigeria","NG","NGA","Gombe","admin","","1566855445"
"Isemi-Ile","Isemi-Ile","7.9700","3.5900","Nigeria","NG","NGA","Oyo","","","1566369938"
"Jitpur","Jitpur","27.6666","85.3333","Nepal","NP","NPL","","","","1524593184"
"Manukau City","Manukau City","-37.0000","174.8850","New Zealand","NZ","NZL","Auckland","","","1554797148"
"Şūr","Sur","22.5667","59.5289","Oman","OM","OMN","Janūb ash Sharqīyah","admin","","1512350600"
"Haymā’","Hayma'","19.9333","56.3167","Oman","OM","OMN","Al Wusţá","admin","","1512927824"
"Şuḩār","Suhar","24.3420","56.7299","Oman","OM","OMN","Shamāl al Bāţinah","admin","","1512602960"
"‘Ibrī","`Ibri","23.2325","56.4973","Oman","OM","OMN","Az̧ Z̧āhirah","admin","","1512077267"
"Aş Şuwayḩirah as Sāḩil","As Suwayhirah as Sahil","24.3620","56.7344","Oman","OM","OMN","Shamāl al Bāţinah","","","1512145575"
"Unión Chocó","Union Choco","8.0778","-77.5583","Panama","PA","PAN","Emberá-Wounaan","admin","","1591671914"
"Sieyik","Sieyik","9.3833","-82.6522","Panama","PA","PAN","Naso Tjër Di","admin","","1591986999"
"Kurumul","Kurumul","-5.8550","144.6311","Papua New Guinea","PG","PNG","Jiwaka","admin","","1598000045"
"Buka","Buka","-5.4219","154.6728","Papua New Guinea","PG","PNG","Bougainville","admin","","1598000066"
"Pili","Pili","13.7177","123.7448","Philippines","PH","PHL","Camarines Sur","admin","","1608825988"
"Tabuk","Tabuk","17.4084","121.2785","Philippines","PH","PHL","Kalinga","admin","","1608980358"
"San Jose","San Jose","10.1800","125.5683","Philippines","PH","PHL","Dinagat Islands","admin","","1608435522"
"Santa Cruz","Santa Cruz","14.1167","121.2833","Philippines","PH","PHL","Laguna","admin","","1608131481"
"Koronadal","Koronadal","6.2541","124.9922","Philippines","PH","PHL","South Cotabato","admin","","1608108139"
"Az̧ Z̧a‘āyin","Az Za`ayin","25.5669","51.4847","Qatar","QA","QAT","Az̧ Z̧a‘āyin","admin","","1634890537"
"Umm Şalāl ‘Alī","Umm Salal `Ali","25.4697","51.3975","Qatar","QA","QAT","Umm Şalāl","admin","","1634646507"
"Madīnat ash Shamāl","Madinat ash Shamal","26.1167","51.2167","Qatar","QA","QAT","Ash Shamāl","admin","","1634762661"
"Bosilegrad","Bosilegrad","42.5005","22.4728","Serbia","RS","SRB","Bosilegrad","admin","","1688870763"
"Žagubica","Zagubica","44.1979","21.7902","Serbia","RS","SRB","Žagubica","admin","","1688849472"
"Požega","Pozega","43.8459","20.0368","Serbia","RS","SRB","Požega","admin","","1688211541"
"Doljevac","Doljevac","43.1968","21.8334","Serbia","RS","SRB","Doljevac","admin","","1688354392"
"Boljevac","Boljevac","43.8247","21.9519","Serbia","RS","SRB","Boljevac","admin","","1688076013"
"Ljubovija","Ljubovija","44.1869","19.3728","Serbia","RS","SRB","Ljubovija","admin","","1688274240"
"Babušnica","Babusnica","43.0680","22.4115","Serbia","RS","SRB","Babušnica","admin","","1688685780"
"Preševo","Presevo","42.3067","21.6500","Serbia","RS","SRB","Preševo","admin","","1688970219"
"Ljig","Ljig","44.2213","20.2375","Serbia","RS","SRB","Ljig","admin","","1688555007"
"Mali Zvornik","Mali Zvornik","44.3992","19.1214","Serbia","RS","SRB","Mali Zvornik","admin","","1688513998"
"Priboj","Priboj","43.5836","19.5258","Serbia","RS","SRB","Priboj","admin","","1688522811"
"Bojnik","Bojnik","43.0142","21.7180","Serbia","RS","SRB","Bojnik","admin","","1688559807"
"Koceljeva","Koceljeva","44.4708","19.8070","Serbia","RS","SRB","Koceljeva","admin","","1688585119"
"Žabari","Zabari","44.3562","21.2143","Serbia","RS","SRB","Žabari","admin","","1688661944"
"Trgovište","Trgoviste","42.3514","22.0921","Serbia","RS","SRB","Trgovište","admin","","1688150657"
"Pechora","Pechora","65.1587","57.2087","Russia","RU","RUS","Komi","minor","","1643976718"
"Mikhalkino","Mikhalkino","69.4353","161.5508","Russia","RU","RUS","Sakha (Yakutiya)","","","1643001530"
"Nordvik","Nordvik","73.9975","111.4633","Russia","RU","RUS","Krasnoyarskiy Kray","","0","1643587468"
"Logashkino","Logashkino","70.8500","153.9167","Russia","RU","RUS","Sakha (Yakutiya)","","0","1643050775"
"Noginsk","Noginsk","64.4833","91.2333","Russia","RU","RUS","Krasnoyarskiy Kray","","","1643129651"
"Ambarchik","Ambarchik","69.6261","162.3039","Russia","RU","RUS","Sakha (Yakutiya)","","","1643739159"
"Al Ḩillah","Al Hillah","23.4895","46.7564","Saudi Arabia","SA","SAU","Ar Riyāḑ","","","1682494753"
"Taro","Taro","-6.7111","156.3972","Solomon Islands","SB","SLB","Choiseul","admin","","1090931394"
"Rabak","Rabak","13.1880","32.7437","Sudan","SD","SDN","White Nile","admin","","1729452233"
"Al Mijlad","Al Mijlad","11.0337","27.7333","Sudan","SD","SDN","West Kordofan","","","1729768355"
"El Fula","El Fula","11.7120","28.3462","Sudan","SD","SDN","West Kordofan","admin","","1729946051"
"Edinburgh of the Seven Seas","Edinburgh of the Seven Seas","-37.0675","-12.3105","Saint Helena, Ascension, and Tristan da Cunha","SH","SHN","Tristan da Cunha","admin","","1654661876"
"Georgetown","Georgetown","-7.9286","-14.4119","Saint Helena, Ascension, and Tristan da Cunha","SH","SHN","Ascension","admin","","1654363572"
"Žetale","Zetale","46.2750","15.7939","Slovenia","SI","SVN","Žetale","admin","","1705941695"
"Šentilj","Sentilj","46.6817","15.6481","Slovenia","SI","SVN","Šentilj","admin","","1705840723"
"Žužemberk","Zuzemberk","45.8339","14.9292","Slovenia","SI","SVN","Žužemberk","admin","","1705027920"
"Zavrč","Zavrc","46.3917","16.0497","Slovenia","SI","SVN","Zavrč","admin","","1705477555"
"Sédhiou","Sedhiou","12.7081","-15.5569","Senegal","SN","SEN","Sédhiou","admin","","1686107428"
"Ceerigaabo","Ceerigaabo","10.6162","47.3679","Somalia","SO","SOM","Sanaag","admin","","1706173875"
"Laascaanood","Laascaanood","8.4774","47.3597","Somalia","SO","SOM","Sool","admin","","1706106404"
"Boorama","Boorama","9.9361","43.1828","Somalia","SO","SOM","Awdal","admin","","1706767209"
"Dar‘ā","Dar`a","32.6189","36.1021","Syria","SY","SYR","Dar‘ā","admin","","1760427038"
"Nhlangano","Nhlangano","-27.1122","31.1983","Eswatini","SZ","SWZ","Shiselweni","admin","","1748301792"
"Pala","Pala","9.3646","14.9073","Chad","TD","TCD","Mayo-Kebbi-Ouest","admin","","1148687410"
"Bardaï","Bardai","21.3533","17.0003","Chad","TD","TCD","Tibesti","admin","","1148071351"
"Kara","Kara","9.5511","1.1861","Togo","TG","TGO","Kara","admin","","1768768827"
"Ban Huai Hin","Ban Huai Hin","12.5697","99.9443","Thailand","TH","THA","Phetchaburi","","","1764975513"
"Lospalos","Lospalos","-8.5217","126.9983","Timor-Leste","TL","TLS","Lautém","admin","","1626878399"
"Aileu","Aileu","-8.7281","125.5664","Timor-Leste","TL","TLS","Aileu","admin","","1626766880"
"Pante Macassar","Pante Macassar","-9.2000","124.3833","Timor-Leste","TL","TLS","Oé-Cusse Ambeno","admin","","1626175417"
"Suai","Suai","-9.3129","125.2565","Timor-Leste","TL","TLS","Kovalima","admin","","1626458227"
"Aranguez","Aranguez","10.6472","-61.4461","Trinidad and Tobago","TT","TTO","San Juan/Laventille","admin","","1780000001"
"Pingzhen","Pingzhen","24.9439","121.2161","Taiwan","TW","TWN","Taoyuan","","","1158047789"
